"Item","N°_Código Portafolio","Año","CUS","Area   Incorporada","Porcentaje del Área CUS","Procedimiento","Dpto","Prov","Dsto","Dominio_Predio","Zonificación","Tipo_predio","Subtipo_predio","Potencialidad_Generica","Potencialidad_Especifica"
"1","26","2014","54928","72154.33","100","Incorporación de predios al Portafolio Inmobiliario del Estado","MOQUEGUA","MARISCAL NIETO","SAMEGUA","Privado","Sin Zonificación","Eriazo","Eriazo en Expansión Urbana","Vivienda","Huerto"
"2","29","2014","79243","33096.53","100","Incorporación de predios al Portafolio Inmobiliario del Estado","MOQUEGUA","MARISCAL NIETO","TORATA","Privado","","Rural","Rural","Agropecuario","Agricola"
"3","30","2014","55247","565.9","100","Incorporación de predios al Portafolio Inmobiliario del Estado","MOQUEGUA","MARISCAL NIETO","TORATA","Privado","","Rural","Rural","Vivienda","Huerto"
"4","31","2014","55243","7997.66","100","Incorporación de predios al Portafolio Inmobiliario del Estado","MOQUEGUA","MARISCAL NIETO","TORATA","Privado","","Rural","Rural","Recreación","Centro Recreacional"
"5","35","2014","45908","81095.51","0.01","Incorporación de predios al Portafolio Inmobiliario del Estado","PIURA","TALARA","LA BREA","Privado","ZRP-Zona de Recreación Pública","Eriazo","Eriazo en Expansión Urbana","Vivienda","Huerto"
"6","43","2014","54120","87049.99","59.67","Incorporación de predios al Portafolio Inmobiliario del Estado","MOQUEGUA","MARISCAL NIETO","SAMEGUA","Privado","Sin Zonificación","Eriazo","Eriazo con entorno urbano","Ambiental","Arborización"
"7","45","2014","90131","71720.41","6.34","Incorporación de predios al Portafolio Inmobiliario del Estado","MOQUEGUA","ILO","ILO","Privado","RUI - Reserva Urba Industrial","Eriazo","Eriazo en Expansión Urbana","Industria","Mediana"
"8","46","2014","90130","75314.26","6.66","Incorporación de predios al Portafolio Inmobiliario del Estado","MOQUEGUA","ILO","ILO","Privado","RUI - Reserva Urba Industrial","Urbano","Urbano en Expansión Urbana","Industria","Mediana"
"9","69","2014","53086","188.66","100","Incorporación de predios al Portafolio Inmobiliario del Estado","LIMA","LIMA","LURIGANCHO","Privado","RDM-Residencial Densidad Media","Urbano","Urbano","Vivienda","Social "
"10","72","2014","51751","7000.29","100","Incorporación de predios al Portafolio Inmobiliario del Estado","LIMA","CAÑETE","ASIA","Privado","Sin Zonificación","Eriazo","Eriazo Ribereño al Mar","Vivienda","Social "
"11","74","2014","51225","148580.81","100","Incorporación de predios al Portafolio Inmobiliario del Estado","ICA","CHINCHA","CHINCHA ALTA","Privado","Sin Zonificación","Eriazo","Eriazo","Industria","Mediana"
"12","84","2014","54928","36901.92","51.14","Incorporación de predios al Portafolio Inmobiliario del Estado","MOQUEGUA","MARISCAL NIETO","SAMEGUA","Privado","","Rural","Rural","Vivienda","Huerto"
"13","95","2014","41475","88685.95","","Incorporación de predios al Portafolio Inmobiliario del Estado","LIMA","LIMA","SANTA ROSA","Privado","PTP-Protección Tratamiento Paisajístico","Eriazo","Eriazo con entorno urbano","Vivienda","Social "
"14","96","2014","54200","22196.77","10.26","Incorporación de predios al Portafolio Inmobiliario del Estado","LIMA","LIMA","SANTA ROSA","Privado","ZRP-Zona de Recreación Pública","Eriazo","Eriazo con entorno urbano","Recreación","Parque/área Verde/Mirador"
"15","98","2014","39497","19999.02","100","Incorporación de predios al Portafolio Inmobiliario del Estado","LIMA","HUAURA","VEGUETA","Privado","Sin Zonificación","Eriazo","Eriazo Ribereño al Mar","Recreación","Parque/área Verde/Mirador"
"16","109","2014","54200","103028.15","47.63","Incorporación de predios al Portafolio Inmobiliario del Estado","LIMA","LIMA","SANTA ROSA","Privado","PTP-Protección Tratamiento Paisajístico","Eriazo","Eriazo con entorno urbano","Ambiental","Reforestación"
"17","110","2014","41475","109616.9","","Incorporación de predios al Portafolio Inmobiliario del Estado","LIMA","LIMA","SANTA ROSA","Privado","","","","Vivienda","Huerto"
"18","112","2014","45908","61114.1","0.05","Incorporación de predios al Portafolio Inmobiliario del Estado","PIURA","TALARA","LA BREA","Privado","","Urbano","Urbano","Industria","Mediana"
"19","115","2014","45908","61114.1","0.05","Incorporación de predios al Portafolio Inmobiliario del Estado","PIURA","TALARA","LA BREA","Privado","I2 - Industria Liviana","Urbano","Urbano","Industria","Mediana"
"20","128","2014","41475","12689.34","","Incorporación de predios al Portafolio Inmobiliario del Estado","LIMA","LIMA","SANTA ROSA","Privado","Ou-Otros Usos ","Urbano","Urbano","Recreación","Parque/área Verde/Mirador"
"21","133","2014","33088","850.5","100","Incorporación de predios al Portafolio Inmobiliario del Estado","LIMA","LIMA","SAN JUAN DE LURIGANCHO","Privado","Ou-Otros Usos ","Urbano","Urbano","Servicios Urbanos","Otros"
"22","139","2014","45908","21698.06","0","Incorporación de predios al Portafolio Inmobiliario del Estado","PIURA","TALARA","LA BREA","Privado","Sin Zonificación","Eriazo","Eriazo","Industria","Mediana"
"23","151","2014","59617","54651.48","100","Incorporación de predios al Portafolio Inmobiliario del Estado","MOQUEGUA","MARISCAL NIETO","MOQUEGUA","Privado","Sin Zonificación","Eriazo","Eriazo en Expansión Urbana","Vivienda","Social "
"24","156","2014","41136","714501.65","100","Incorporación de predios al Portafolio Inmobiliario del Estado","LIMA","LIMA","CARABAYLLO","Privado","PTP-Protección Tratamiento Paisajístico","Eriazo","Eriazo","Industria","Pesada"
"25","160","2014","56346","2326.97","100","Incorporación de predios al Portafolio Inmobiliario del Estado","LIMA","HUAURA","SANTA MARIA","Privado","","Eriazo","Eriazo","Agropecuario","Agricola"
"26","162","2014","89831","25893.55","100","Incorporación de predios al Portafolio Inmobiliario del Estado","MOQUEGUA","MARISCAL NIETO","SAMEGUA","Privado","Sin Zonificación","Eriazo","Eriazo en Expansión Urbana","Vivienda","Social "
"27","164","2014","89835","40751.18","99.99","Incorporación de predios al Portafolio Inmobiliario del Estado","MOQUEGUA","MARISCAL NIETO","SAMEGUA","Privado","Sin Zonificación","Eriazo","Eriazo con entorno urbano","Ambiental","Reforestación"
"28","166","2014","44137","112763.08","9.98","Incorporación de predios al Portafolio Inmobiliario del Estado","MOQUEGUA","ILO","ILO","Privado","RUI - Reserva Urba Industrial","Urbano","Urbano en Expansión Urbana","Industria","Mediana"
"29","167","2014","90132","133502.77","11.81","Incorporación de predios al Portafolio Inmobiliario del Estado","MOQUEGUA","ILO","ILO","Privado","RUI - Reserva Urba Industrial","Urbano","Urbano en Expansión Urbana","Industria","Mediana"
"30","176","2014","45908","38579.99","0.01","Incorporación de predios al Portafolio Inmobiliario del Estado","PIURA","TALARA","LA BREA","Privado","RDM-Residencial Densidad Media","Urbano","Urbano en Expansión Urbana","Industria","Mediana"
"31","177","2014","45908","7046.63","0","Incorporación de predios al Portafolio Inmobiliario del Estado","PIURA","TALARA","LA BREA","Privado","ZPE-Zona de Protección Ecologica","Eriazo","Eriazo en Expansión Urbana","Industria","Mediana"
"32","178","2014","88303","127937.49","100","Incorporación de predios al Portafolio Inmobiliario del Estado","PIURA","TALARA","PARIÑAS","Privado","Sin Zonificación","Urbano","Urbano en Expansión Urbana","Industria","Mediana"
"33","183","2014","39392","214874.08","100","Incorporación de predios al Portafolio Inmobiliario del Estado","LIMA","LIMA","LA MOLINA","Privado","PTP-Protección Tratamiento Paisajístico","Urbano","Urbano en Expansión Urbana","Ambiental","Reforestación"
"34","184","2014","41001","80662.07","100","Incorporación de predios al Portafolio Inmobiliario del Estado","LIMA","LIMA","LA MOLINA","Privado","PTP-Protección Tratamiento Paisajístico","Eriazo","Eriazo con entorno urbano","Ambiental","Reforestación"
"35","11","2015","58926","233700","55.01","Incorporación de predios al Portafolio Inmobiliario del Estado","LIMA","LIMA","EL AGUSTINO","Privado","PTP-Protección Tratamiento Paisajístico","Eriazo","Eriazo con entorno urbano","Vivienda","Social "
"36","12","2015","37297","28625.68","15.62","Incorporación de predios al Portafolio Inmobiliario del Estado","LIMA","LIMA","ATE","Privado","PTP-Protección Tratamiento Paisajístico","Eriazo","Eriazo con entorno urbano","Vivienda","Social "
"37","26","2015","79516","115739.32","100","Incorporación de predios al Portafolio Inmobiliario del Estado","LIMA","BARRANCA","BARRANCA","Privado","Sin Zonificación","Eriazo","Eriazo en Expansión Urbana","Vivienda","Social "
"38","29","2015","26225","10498036.39","3.81","Incorporación de predios al Portafolio Inmobiliario del Estado","LIMA","LIMA","ANCON","Privado","Sin Zonificación","Eriazo","Eriazo","Ambiental","Reserva Natural"
"39","31","2015","93011","319732.36","187.76","Incorporación de predios al Portafolio Inmobiliario del Estado","ANCASH","HUARMEY","HUARMEY","Privado","Sin Zonificación","Eriazo","Eriazo","Vivienda","Playa"
"40","32","2015","93003","225928.69","100.35","Incorporación de predios al Portafolio Inmobiliario del Estado","ANCASH","HUARMEY","HUARMEY","Privado","Sin Zonificación","Eriazo","Eriazo","Vivienda","Playa"
"41","33","2015","93004","287820.17","100","Incorporación de predios al Portafolio Inmobiliario del Estado","ANCASH","HUARMEY","HUARMEY","Privado","Sin Zonificación","Eriazo","Eriazo","Vivienda","Playa"
"42","46","2015","54684","551276.35","100","Incorporación de predios al Portafolio Inmobiliario del Estado","LIMA","LIMA","PUENTE PIEDRA","Privado","Sin Zonificación","Eriazo","Eriazo","Vivienda","Social "
"43","50","2015","123694","1720798.45","102.31","Incorporación de predios al Portafolio Inmobiliario del Estado","ANCASH","HUARMEY","HUARMEY","Privado","Sin Zonificación","Eriazo","Eriazo","Industria","Mediana"
"44","51","2015","87625","74724.65","100","Incorporación de predios al Portafolio Inmobiliario del Estado","ANCASH","HUARMEY","HUARMEY","Privado","Sin Zonificación","Eriazo","Eriazo","Industria","Mediana"
"45","67","2015","90676","181.87","100","Incorporación de predios al Portafolio Inmobiliario del Estado","LIMA","LIMA","SAN JUAN DE MIRAFLORES","Privado","RDM-Residencial Densidad Media","Urbano","Urbano","Vivienda","Social "
"46","68","2015","59291","2018.23","100","Incorporación de predios al Portafolio Inmobiliario del Estado","LIMA","LIMA","SANTA ROSA","Privado","Ou-Otros Usos ","Urbano","Urbano","Comercio","Especializado"
"47","78","2015","96875","3976041.89","100","Incorporación de predios al Portafolio Inmobiliario del Estado","ICA","CHINCHA","CHINCHA ALTA","Privado","Sin Zonificación","Eriazo","Eriazo","Industria","Pesada"
"48","79","2015","96878","3000096.61","100","Incorporación de predios al Portafolio Inmobiliario del Estado","ICA","CHINCHA","CHINCHA ALTA","Privado","Sin Zonificación","Eriazo","Eriazo","Industria","Pesada"
"49","80","2015","96879","5000178.47","100","Incorporación de predios al Portafolio Inmobiliario del Estado","ICA","CHINCHA","CHINCHA ALTA","Privado","Sin Zonificación","Eriazo","Eriazo","Industria","Pesada"
"50","97","2015","58062","157560.5","80.14","Incorporación de predios al Portafolio Inmobiliario del Estado","LIMA","LIMA","SANTA ROSA","Privado","PTP-Protección Tratamiento Paisajístico","Eriazo","Eriazo con entorno urbano","Vivienda","Desarrollo Inmobiliario"
"51","105","2015","92730","28528.25","31.23","Incorporación de predios al Portafolio Inmobiliario del Estado","LIMA","LIMA","ANCON","Privado","PTP-Protección Tratamiento Paisajístico","Eriazo","Eriazo con entorno urbano","Vivienda","Social "
"52","106","2015","92730","34963.04","38.27","Incorporación de predios al Portafolio Inmobiliario del Estado","LIMA","LIMA","ANCON","Privado","PTP-Protección Tratamiento Paisajístico","Eriazo","Eriazo con entorno urbano","Vivienda","Social "
"53","107","2015","92730","27860.67","30.5","Incorporación de predios al Portafolio Inmobiliario del Estado","LIMA","LIMA","ANCON","Privado","PTP-Protección Tratamiento Paisajístico","Eriazo","Eriazo con entorno urbano","Vivienda","Social "
"54","1","2016","26380","1702.14","100","Incorporación de predios al Portafolio Inmobiliario del Estado","LIMA","LIMA","LIMA","Privado","ZTE2-Zona de Tratamiento Especial 2","Urbano","Urbano","Comercio","Especializado"
"55","2","2016","53941","1338906.11","100","Incorporación de predios al Portafolio Inmobiliario del Estado","ICA","NASCA","MARCONA","Privado","Sin Zonificación","Eriazo","Eriazo en Expansión Urbana","Vivienda","Social "
"56","4","2016","98637","34252.25","1.46","Incorporación de predios al Portafolio Inmobiliario del Estado","LIMA","LIMA","VILLA MARIA DEL TRIUNFO","Privado","PTP-Protección Tratamiento Paisajístico","Eriazo","Eriazo en Expansión Urbana","Vivienda","Social "
"57","6","2016","51688","19100.2","100","Incorporación de predios al Portafolio Inmobiliario del Estado","LIMA","LIMA","PUENTE PIEDRA","Privado","PTP-Protección Tratamiento Paisajístico","Eriazo","Eriazo en Expansión Urbana","Vivienda","Social "
"58","7","2016","41781","324.29","1.82","Incorporación de predios al Portafolio Inmobiliario del Estado","LIMA","LIMA","PUCUSANA","Privado","RDM-Residencial Densidad Media","Urbano","Urbano en Expansión Urbana","Vivienda","Playa"
"59","8","2016","41781","753.21","4.24","Incorporación de predios al Portafolio Inmobiliario del Estado","LIMA","LIMA","PUCUSANA","Privado","RDM-Residencial Densidad Media","Urbano","Urbano en Expansión Urbana","Vivienda","Playa"
"60","9","2016","53930","3184.12","100","Incorporación de predios al Portafolio Inmobiliario del Estado","LIMA","LIMA","CARABAYLLO","Privado","Ou-Otros Usos","Urbano","Urbano","Comercio","Local/Restaurant/Hospedaje"
"61","11","2016","93423","5312.93","100","Incorporación de predios al Portafolio Inmobiliario del Estado","LIMA","LIMA","VILLA MARIA DEL TRIUNFO","Privado","","","","Vivienda","Social "
"62","14","2016","81644","6115.16","100","Incorporación de predios al Portafolio Inmobiliario del Estado","LIMA","LIMA","PUENTE PIEDRA","Privado","PTP-Protección Tratamiento Paisajístico","Eriazo","Eriazo en Expansión Urbana","Vivienda","Social "
"63","15","2016","51690","2287.38","100","Incorporación de predios al Portafolio Inmobiliario del Estado","LIMA","LIMA","PUENTE PIEDRA","Privado","RDM-Residencial Densidad Media","Urbano","Urbano","Vivienda","Social "
"64","18","2016","41781","321.24","1.81","Incorporación de predios al Portafolio Inmobiliario del Estado","LIMA","LIMA","PUCUSANA","Privado","RDM-Residencial Densidad Media","Urbano","Urbano en Expansión Urbana","Vivienda","Playa"
"65","19","2016","41781","317.62","1.79","Incorporación de predios al Portafolio Inmobiliario del Estado","LIMA","LIMA","PUCUSANA","Privado","RDM-Residencial Densidad Media","Urbano","Urbano en Expansión Urbana","Vivienda","Playa"
"66","25","2016","41781","414.8","2.33","Incorporación de predios al Portafolio Inmobiliario del Estado","LIMA","LIMA","PUCUSANA","Privado","RDM-Residencial Densidad Media","Urbano","Urbano en Expansión Urbana","Vivienda","Playa"
"67","26","2016","41781","324.48","1.83","Incorporación de predios al Portafolio Inmobiliario del Estado","LIMA","LIMA","PUCUSANA","Privado","RDM-Residencial Densidad Media","Urbano","Urbano en Expansión Urbana","Vivienda","Playa"
"68","27","2016","41781","331","1.86","Incorporación de predios al Portafolio Inmobiliario del Estado","LIMA","LIMA","PUCUSANA","Privado","RDM-Residencial Densidad Media","Urbano","Urbano en Expansión Urbana","Vivienda","Playa"
"69","33","2016","41781","570.81","3.21","Incorporación de predios al Portafolio Inmobiliario del Estado","LIMA","LIMA","PUCUSANA","Privado","RDM-Residencial Densidad Media","Urbano","Urbano en Expansión Urbana","Vivienda","Playa"
"70","34","2016","41781","391.83","2.21","Incorporación de predios al Portafolio Inmobiliario del Estado","LIMA","LIMA","PUCUSANA","Privado","RDM-Residencial Densidad Media","Urbano","Urbano en Expansión Urbana","Vivienda","Playa"
"71","35","2016","41781","320.85","1.81","Incorporación de predios al Portafolio Inmobiliario del Estado","LIMA","LIMA","PUCUSANA","Privado","RDM-Residencial Densidad Media","Urbano","Urbano en Expansión Urbana","Vivienda","Playa"
"72","39","2016","92200","8548.89","98.02","Incorporación de predios al Portafolio Inmobiliario del Estado","ANCASH","SANTA","SAMANCO","Privado","Sin Zonificación","Eriazo","Eriazo","Industria","Mediana"
"73","41","2016","51751","7000.29","100","Incorporación de predios al Portafolio Inmobiliario del Estado","LIMA","CAÑETE","ASIA","Privado","Sin Zonificación","Eriazo","Eriazo con entorno urbano","Vivienda","Playa"
"74","48","2016","37175","704.39","3.84","Incorporación de predios al Portafolio Inmobiliario del Estado","LIMA","LIMA","PUNTA HERMOSA","Privado","ZRP-Zona de Recreación Pública","Urbano","Urbano en Expansión Urbana","Vivienda","Playa"
"75","49","2016","37175","1096.82","5.99","Incorporación de predios al Portafolio Inmobiliario del Estado","LIMA","LIMA","PUNTA HERMOSA","Privado","ZRP-Zona de Recreación Pública","Urbano","Urbano en Expansión Urbana","Vivienda","Playa"
"76","50","2016","37175","626.78","3.42","Incorporación de predios al Portafolio Inmobiliario del Estado","LIMA","LIMA","PUNTA HERMOSA","Privado","ZRP-Zona de Recreación Pública","Urbano","Urbano en Expansión Urbana","Vivienda","Playa"
"77","60","2016","37175","679.98","3.71","Incorporación de predios al Portafolio Inmobiliario del Estado","LIMA","LIMA","PUNTA HERMOSA","Privado","ZRP-Zona de Recreación Pública","Urbano","Urbano en Expansión Urbana","Vivienda","Playa"
"78","61","2016","37175","678.49","3.7","Incorporación de predios al Portafolio Inmobiliario del Estado","LIMA","LIMA","PUNTA HERMOSA","Privado","RDM-Residencial Densidad Media","Urbano","Urbano en Expansión Urbana","Vivienda","Playa"
"79","67","2016","57722","8760.23","100","Incorporación de predios al Portafolio Inmobiliario del Estado","LIMA","CAÑETE","ASIA","Privado","Sin Zonificación","Eriazo","Eriazo con entorno urbano","Vivienda","Playa"
"80","69","2016","87632","460323.88","100","Incorporación de predios al Portafolio Inmobiliario del Estado","ANCASH","HUARMEY","HUARMEY","Privado","Sin Zonificación","Eriazo","Eriazo","Industria","Liviana"
"81","70","2016","87629","646252.68","100","Incorporación de predios al Portafolio Inmobiliario del Estado","ANCASH","HUARMEY","HUARMEY","Privado","Sin Zonificación","Eriazo","Eriazo","Industria","Liviana"
"82","83","2016","45926","6856.43","0.59","Incorporación de predios al Portafolio Inmobiliario del Estado","PIURA","TALARA","EL ALTO","Privado","R3-Uso Residencial","Urbano","Urbano","Vivienda","Social "
"83","84","2016","45908","19106.93","0","Incorporación de predios al Portafolio Inmobiliario del Estado","PIURA","TALARA","LA BREA","Privado","Sin Zonificación","Eriazo","Eriazo en Expansión Urbana","Vivienda","Social "
"84","85","2016","45907","54764.5","0.01","Incorporación de predios al Portafolio Inmobiliario del Estado","PIURA","TALARA","LOS ORGANOS","Privado","Sin Zonificación","Eriazo","Eriazo en Expansión Urbana","Vivienda","Playa"
"85","5","2017","115040","2259.08","100","Incorporación de predios al Portafolio Inmobiliario del Estado","MOQUEGUA","ILO","ILO","","Ou-Otros Usos","Urbano","Urbano","Otros Usos","Otros Usos"
"86","8","2017","93789","11100.21","4.95","Incorporación de predios al Portafolio Inmobiliario del Estado","MOQUEGUA","MARISCAL NIETO","TORATA","Privado","Sin Zonificación","Eriazo","Eriazo","Agropecuario","Agroindustria Alimentaria"
"87","9","2017","93789","10534.51","4.7","Incorporación de predios al Portafolio Inmobiliario del Estado","MOQUEGUA","MARISCAL NIETO","TORATA","Privado","Sin Zonificación","Eriazo","Eriazo","Agropecuario","Agroindustria Alimentaria"
"88","14","2017","93789","11480.8","5.12","Incorporación de predios al Portafolio Inmobiliario del Estado","MOQUEGUA","MARISCAL NIETO","TORATA","Privado","Sin Zonificación","Eriazo","Eriazo","Agropecuario","Agricola"
"89","15","2017","115886","10000","100","Incorporación de predios al Portafolio Inmobiliario del Estado","LIMA","LIMA","SANTA ROSA","Privado","PTP-Protección Tratamiento Paisajístico","Eriazo","Eriazo con entorno urbano","Vivienda","Social "
"90","16","2017","93789","10242.06","4.57","Incorporación de predios al Portafolio Inmobiliario del Estado","MOQUEGUA","MARISCAL NIETO","TORATA","Privado","Sin Zonificación","Eriazo","Eriazo","Agropecuario","Agricola"
"91","18","2017","93789","12617.61","5.63","Incorporación de predios al Portafolio Inmobiliario del Estado","MOQUEGUA","MARISCAL NIETO","TORATA","Privado","Sin Zonificación","Eriazo","Eriazo","Agropecuario","Agricola"
"92","19","2017","108376","16366.29","100","Incorporación de predios al Portafolio Inmobiliario del Estado","LIMA","LIMA","SANTA ROSA","Privado","PTP-Protección Tratamiento Paisajístico","Eriazo","Eriazo con entorno urbano","Vivienda","Desarrollo Inmobiliario"
"93","20","2017","93788","7175.76","0.24","Incorporación de predios al Portafolio Inmobiliario del Estado","MOQUEGUA","MARISCAL NIETO","SAMEGUA","Privado","PTP-Protección Tratamiento Paisajístico","Eriazo","Eriazo con entorno urbano","Agropecuario","Agricola"
"94","21","2017","93788","5868.89","0.19","Incorporación de predios al Portafolio Inmobiliario del Estado","MOQUEGUA","MARISCAL NIETO","SAMEGUA","Privado","Sin Zonificación","Eriazo","Eriazo","Agropecuario","Agricola"
"95","22","2017","93788","8060.5","0.27","Incorporación de predios al Portafolio Inmobiliario del Estado","MOQUEGUA","MARISCAL NIETO","SAMEGUA","Privado","Sin Zonificación","Eriazo","Eriazo","Agropecuario","Agroindustria Alimentaria"
"96","24","2017","93789","11937.07","5.32","Incorporación de predios al Portafolio Inmobiliario del Estado","MOQUEGUA","MARISCAL NIETO","TORATA","Privado","Sin Zonificación","Eriazo","Eriazo","Agropecuario","Agricola"
"97","25","2017","93788","8719.41","0.29","Incorporación de predios al Portafolio Inmobiliario del Estado","MOQUEGUA","MARISCAL NIETO","SAMEGUA","Privado","Sin Zonificación","Eriazo","Eriazo","Agropecuario","Agricola"
"98","26","2017","93788","10268.61","0.34","Incorporación de predios al Portafolio Inmobiliario del Estado","MOQUEGUA","MARISCAL NIETO","SAMEGUA","Privado","Sin Zonificación","Eriazo","Eriazo","Agropecuario","Agricola"
"99","27","2017","93788","12490.07","0.41","Incorporación de predios al Portafolio Inmobiliario del Estado","MOQUEGUA","MARISCAL NIETO","SAMEGUA","Privado","Sin Zonificación","Eriazo","Eriazo","Agropecuario","Agricola"
"100","28","2017","93788","14899.9","0.49","Incorporación de predios al Portafolio Inmobiliario del Estado","MOQUEGUA","MARISCAL NIETO","SAMEGUA","Privado","Sin Zonificación","Eriazo","Eriazo","Agropecuario","Agricola"
"101","29","2017","93788","13281.3","0.44","Incorporación de predios al Portafolio Inmobiliario del Estado","MOQUEGUA","MARISCAL NIETO","SAMEGUA","Privado","Sin Zonificación","Eriazo","Eriazo","Agropecuario","Agricola"
"102","30","2017","93789","10603.82","4.73","Incorporación de predios al Portafolio Inmobiliario del Estado","MOQUEGUA","MARISCAL NIETO","TORATA","Privado","Sin Zonificación","Eriazo","Eriazo","Agropecuario","Agricola"
"103","31","2017","115859","10719.58","100","Incorporación de predios al Portafolio Inmobiliario del Estado","LIMA","LIMA","SANTA ROSA","Privado","PTP-Protección Tratamiento Paisajístico","Eriazo","Eriazo con entorno urbano","Vivienda","Social "
"104","32","2017","115846","11242.27","100","Incorporación de predios al Portafolio Inmobiliario del Estado","LIMA","LIMA","SANTA ROSA","Privado","PTP-Protección Tratamiento Paisajístico","Eriazo","Eriazo con entorno urbano","Vivienda","Desarrollo Inmobiliario"
"105","33","2017","54200","10555.88","4.88","Incorporación de predios al Portafolio Inmobiliario del Estado","LIMA","LIMA","SANTA ROSA","Privado","PTP-Protección Tratamiento Paisajístico","Eriazo","Eriazo con entorno urbano","Vivienda","Social "
"106","34","2017","99504","46924.55","0.43","Incorporación de predios al Portafolio Inmobiliario del Estado","MOQUEGUA","ILO","EL ALGARROBAL","Privado","Sin Zonificación","Eriazo","Eriazo","Agropecuario","Agricola"
"107","35","2017","99504","41860.4","0.38","Incorporación de predios al Portafolio Inmobiliario del Estado","MOQUEGUA","ILO","EL ALGARROBAL","Privado","Sin Zonificación","Eriazo","Eriazo","Agropecuario","Agricola"
"108","37","2017","99504","44517.91","0.4","Incorporación de predios al Portafolio Inmobiliario del Estado","MOQUEGUA","ILO","EL ALGARROBAL","Privado","Sin Zonificación","Eriazo","Eriazo","Agropecuario","Agricola"
"109","38","2017","99504","36545.39","0.33","Incorporación de predios al Portafolio Inmobiliario del Estado","MOQUEGUA","ILO","EL ALGARROBAL","Privado","Sin Zonificación","Eriazo","Eriazo","Agropecuario","Agricola"
"110","39","2017","99504","39202.9","0.36","Incorporación de predios al Portafolio Inmobiliario del Estado","MOQUEGUA","ILO","EL ALGARROBAL","Privado","Sin Zonificación","Eriazo","Eriazo","Agropecuario","Agricola"
"111","40","2017","93788","17419.11","0.58","Incorporación de predios al Portafolio Inmobiliario del Estado","MOQUEGUA","MARISCAL NIETO","SAMEGUA","Privado","Sin Zonificación","Eriazo","Eriazo","Agropecuario","Agricola"
"112","41","2017","115849","11596.71","100","Incorporación de predios al Portafolio Inmobiliario del Estado","LIMA","LIMA","SANTA ROSA","Privado","PTP-Protección Tratamiento Paisajístico","Eriazo","Eriazo con entorno urbano","Vivienda","Social "
"113","42","2017","115851","10274.18","100","Incorporación de predios al Portafolio Inmobiliario del Estado","LIMA","LIMA","SANTA ROSA","Privado","PTP-Protección Tratamiento Paisajístico","Eriazo","Eriazo con entorno urbano","Vivienda","Social "
"114","43","2017","115853","9833.84","100","Incorporación de predios al Portafolio Inmobiliario del Estado","LIMA","LIMA","SANTA ROSA","Privado","PTP-Protección Tratamiento Paisajístico","Eriazo","Eriazo con entorno urbano","Vivienda","Social "
"115","44","2017","115854","9623.82","100","Incorporación de predios al Portafolio Inmobiliario del Estado","LIMA","LIMA","SANTA ROSA","Privado","PTP-Protección Tratamiento Paisajístico","Eriazo","Eriazo con entorno urbano","Vivienda","Social "
"116","45","2017","115855","11034.33","100","Incorporación de predios al Portafolio Inmobiliario del Estado","LIMA","LIMA","SANTA ROSA","Privado","PTP-Protección Tratamiento Paisajístico","Eriazo","Eriazo con entorno urbano","Vivienda","Social "
"117","46","2017","115856","13862.56","100","Incorporación de predios al Portafolio Inmobiliario del Estado","LIMA","LIMA","SANTA ROSA","Privado","PTP-Protección Tratamiento Paisajístico","Eriazo","Eriazo con entorno urbano","Vivienda","Social "
"118","47","2017","115858","18703.9","100","Incorporación de predios al Portafolio Inmobiliario del Estado","LIMA","LIMA","SANTA ROSA","Privado","PTP-Protección Tratamiento Paisajístico","Eriazo","Eriazo con entorno urbano","Vivienda","Social "
"119","48","2017","93799","10002.39","2.59","Incorporación de predios al Portafolio Inmobiliario del Estado","MOQUEGUA","MARISCAL NIETO","TORATA","Privado","Sin Zonificación","Eriazo","Eriazo","Agropecuario","Agricola"
"120","49","2017","93788","13519.93","0.45","Incorporación de predios al Portafolio Inmobiliario del Estado","MOQUEGUA","MARISCAL NIETO","SAMEGUA","Privado","Sin Zonificación","Eriazo","Eriazo","Agropecuario","Agricola"
"121","50","2017","93799","10038.36","0.33","Incorporación de predios al Portafolio Inmobiliario del Estado","MOQUEGUA","MARISCAL NIETO","TORATA","Privado","Sin Zonificación","Eriazo","Eriazo","Agropecuario","Agricola"
"122","51","2017","93799","12077.67","3.12","Incorporación de predios al Portafolio Inmobiliario del Estado","MOQUEGUA","MARISCAL NIETO","TORATA","Privado","Sin Zonificación","Eriazo","Eriazo","Agropecuario","Agricola"
"123","52","2017","37175","610.34","3.33","Incorporación de predios al Portafolio Inmobiliario del Estado","LIMA","LIMA","PUNTA HERMOSA","Privado","ZRP-Zona de Recreación Pública","Urbano","Urbano","Vivienda","Desarrollo Inmobiliario"
"124","53","2017","37175","468.53","2.56","Incorporación de predios al Portafolio Inmobiliario del Estado","LIMA","LIMA","PUNTA HERMOSA","Privado","ZRP-Zona de Recreación Pública","Urbano","Urbano","Vivienda","Desarrollo Inmobiliario"
"125","54","2017","50190","22301.56","1.33","Incorporación de predios al Portafolio Inmobiliario del Estado","MOQUEGUA","MARISCAL NIETO","SAMEGUA","Privado","Sin Zonificación","Eriazo","Eriazo con entorno urbano","Vivienda","Huerto"
"126","55","2017","120895","51595.06","100","Incorporación de predios al Portafolio Inmobiliario del Estado","LIMA","HUARAL","AUCALLAMA","Privado","Sin Zonificación","Eriazo","Eriazo en Expansión Urbana","Industria","Liviana"
"127","56","2017","50190","23092.02","1.26","Incorporación de predios al Portafolio Inmobiliario del Estado","MOQUEGUA","MARISCAL NIETO","SAMEGUA","Privado","Sin Zonificación","Eriazo","Eriazo con entorno urbano","Vivienda","Huerto"
"128","57","2017","93799","12721.89","3.29","Incorporación de predios al Portafolio Inmobiliario del Estado","MOQUEGUA","MARISCAL NIETO","TORATA","Privado","Sin Zonificación","Eriazo","Eriazo","Agropecuario","Agricola"
"129","58","2017","93799","14431.45","3.73","Incorporación de predios al Portafolio Inmobiliario del Estado","MOQUEGUA","MARISCAL NIETO","TORATA","Privado","Sin Zonificación","Eriazo","Eriazo","Agropecuario","Agricola"
"130","59","2017","115864","8340.84","100","Incorporación de predios al Portafolio Inmobiliario del Estado","LIMA","LIMA","ANCON","Privado","PTP-Protección Tratamiento Paisajístico","Eriazo","Eriazo con entorno urbano","Vivienda","Social "
"131","60","2017","115866","11035.89","100","Incorporación de predios al Portafolio Inmobiliario del Estado","LIMA","LIMA","SANTA ROSA","Privado","PTP-Protección Tratamiento Paisajístico","Eriazo","Eriazo con entorno urbano","Vivienda","Social "
"132","61","2017","115868","24821.38","100","Incorporación de predios al Portafolio Inmobiliario del Estado","LIMA","LIMA","ANCON","Privado","PTP-Protección Tratamiento Paisajístico","Eriazo","Eriazo con entorno urbano","Vivienda","Social "
"133","62","2017","115869","9157.2","100","Incorporación de predios al Portafolio Inmobiliario del Estado","LIMA","LIMA","SANTA ROSA","Privado","PTP-Protección Tratamiento Paisajístico","Eriazo","Eriazo con entorno urbano","Vivienda","Social "
"134","63","2017","115870","29239.34","100","Incorporación de predios al Portafolio Inmobiliario del Estado","LIMA","LIMA","ANCON","Privado","PTP-Protección Tratamiento Paisajístico","Eriazo","Eriazo con entorno urbano","Vivienda","Social "
"135","64","2017","108383","24792.98","100","Incorporación de predios al Portafolio Inmobiliario del Estado","LIMA","LIMA","SANTA ROSA","Privado","PTP-Protección Tratamiento Paisajístico","Eriazo","Eriazo con entorno urbano","Vivienda","Social "
"136","65","2017","99504","47175.42","0.43","Incorporación de predios al Portafolio Inmobiliario del Estado","MOQUEGUA","ILO","EL ALGARROBAL","Privado","Sin Zonificación","Eriazo","Eriazo","Agropecuario","Agricola"
"137","66","2017","99504","49832.92","0.45","Incorporación de predios al Portafolio Inmobiliario del Estado","MOQUEGUA","ILO","EL ALGARROBAL","Privado","Sin Zonificación","Eriazo","Eriazo","Agropecuario","Agricola"
"138","67","2017","120886","27490.3","100","Incorporación de predios al Portafolio Inmobiliario del Estado","LIMA","HUARAL","AUCALLAMA","Privado","Sin Zonificación","Eriazo","Eriazo en Expansión Urbana","Industria","Liviana"
"139","68","2017","120892","31823.85","100","Incorporación de predios al Portafolio Inmobiliario del Estado","LIMA","HUARAL","AUCALLAMA","Privado","Sin Zonificación","Eriazo","Eriazo en Expansión Urbana","Industria","Liviana"
"140","69","2017","120893","42063.06","100","Incorporación de predios al Portafolio Inmobiliario del Estado","LIMA","HUARAL","AUCALLAMA","Privado","Sin Zonificación","Eriazo","Eriazo en Expansión Urbana","Industria","Liviana"
"141","70","2017","37175","506.82","2.77","Incorporación de predios al Portafolio Inmobiliario del Estado","LIMA","LIMA","PUNTA HERMOSA","Privado","ZRP-Zona de Recreación Pública","Urbano","Urbano","Vivienda","Desarrollo Inmobiliario"
"142","74","2017","120897","53809.26","100","Incorporación de predios al Portafolio Inmobiliario del Estado","LIMA","HUARAL","AUCALLAMA","Privado","Sin Zonificación","Eriazo","Eriazo en Expansión Urbana","Industria","Liviana"
"143","75","2017","120896","58150.03","100","Incorporación de predios al Portafolio Inmobiliario del Estado","LIMA","HUARAL","AUCALLAMA","Privado","Sin Zonificación","Eriazo","Eriazo en Expansión Urbana","Industria","Liviana"
"144","76","2017","115876","15000","100","Incorporación de predios al Portafolio Inmobiliario del Estado","LIMA","LIMA","SANTA ROSA","Privado","PTP-Protección Tratamiento Paisajístico","Eriazo","Eriazo con entorno urbano","Vivienda","Desarrollo Inmobiliario"
"145","77","2017","115878","15000","100","Incorporación de predios al Portafolio Inmobiliario del Estado","LIMA","LIMA","SANTA ROSA","Privado","PTP-Protección Tratamiento Paisajístico","Eriazo","Eriazo con entorno urbano","Vivienda","Desarrollo Inmobiliario"
"146","78","2017","115882","28403.13","100","Incorporación de predios al Portafolio Inmobiliario del Estado","LIMA","LIMA","ANCON","Privado","PTP-Protección Tratamiento Paisajístico","Eriazo","Eriazo con entorno urbano","Vivienda","Desarrollo Inmobiliario"
"147","79","2017","115885","10198.2","100","Incorporación de predios al Portafolio Inmobiliario del Estado","LIMA","LIMA","SANTA ROSA","Privado","PTP-Protección Tratamiento Paisajístico","Eriazo","Eriazo con entorno urbano","Vivienda","Desarrollo Inmobiliario"
"148","80","2017","123357","54456.18","100","Incorporación de predios al Portafolio Inmobiliario del Estado","MOQUEGUA","MARISCAL NIETO","MOQUEGUA","Privado","Sin Zonificación","Eriazo","Eriazo","Agropecuario","Agricola"
"149","81","2017","93086","53142.71","1.61","Incorporación de predios al Portafolio Inmobiliario del Estado","MOQUEGUA","MARISCAL NIETO","MOQUEGUA","Privado","Sin Zonificación","Eriazo","Eriazo","Agropecuario","Agricola"
"150","82","2017","115894","578.98","100","Incorporación de predios al Portafolio Inmobiliario del Estado","LIMA","LIMA","PUNTA HERMOSA","Privado","ZRP-Zona de Recreación Pública","Urbano","Urbano","Vivienda","Desarrollo Inmobiliario"
"151","83","2017","115897","478.29","100","Incorporación de predios al Portafolio Inmobiliario del Estado","LIMA","LIMA","PUNTA HERMOSA","Privado","ZRP-Zona de Recreación Pública","Urbano","Urbano","Vivienda","Desarrollo Inmobiliario"
"152","86","2017","102896","718.72","26.15","Incorporación de predios al Portafolio Inmobiliario del Estado","LIMA","LIMA","SANTA ROSA","Privado","RDM-Residencial Densidad Media","Urbano","Urbano","Vivienda","Desarrollo Inmobiliario"
"153","87","2017","102896","210.31","7.65","Incorporación de predios al Portafolio Inmobiliario del Estado","LIMA","LIMA","SANTA ROSA","Privado","RDM-Residencial Densidad Media","Urbano","Urbano","Vivienda","Desarrollo Inmobiliario"
"154","88","2017","101803","6971.33","3.98","Incorporación de predios al Portafolio Inmobiliario del Estado","MOQUEGUA","MARISCAL NIETO","MOQUEGUA","Privado","Sin Zonificación","Eriazo","Eriazo","Agropecuario","Agroindustria Alimentaria"
"155","89","2017","101803","15642.4","8.93","Incorporación de predios al Portafolio Inmobiliario del Estado","MOQUEGUA","MARISCAL NIETO","MOQUEGUA","Privado","Sin Zonificación","Eriazo","Eriazo","Agropecuario","Agroindustria Alimentaria"
"156","90","2017","101803","12587.72","7.18","Incorporación de predios al Portafolio Inmobiliario del Estado","MOQUEGUA","MARISCAL NIETO","MOQUEGUA","Privado","Sin Zonificación","Eriazo","Eriazo","Agropecuario","Agroindustria Alimentaria"
"157","91","2017","93788","8664.65","0.29","Incorporación de predios al Portafolio Inmobiliario del Estado","MOQUEGUA","MARISCAL NIETO","SAMEGUA","Privado","Sin Zonificación","Eriazo","Eriazo","Agropecuario","Agroindustria Alimentaria"
"158","92","2017","93788","7179.79","0.24","Incorporación de predios al Portafolio Inmobiliario del Estado","MOQUEGUA","MARISCAL NIETO","SAMEGUA","Privado","Sin Zonificación","Eriazo","Eriazo","Agropecuario","Agroindustria Alimentaria"
"159","93","2017","93086","49991.41","1.51","Incorporación de predios al Portafolio Inmobiliario del Estado","MOQUEGUA","MARISCAL NIETO","MOQUEGUA","Privado","Sin Zonificación","Eriazo","Eriazo","Agropecuario","Agricola"
"160","94","2017","123359","54337.13","100","Incorporación de predios al Portafolio Inmobiliario del Estado","MOQUEGUA","MARISCAL NIETO","MOQUEGUA","Privado","Sin Zonificación","Eriazo","Eriazo","Agropecuario","Agricola"
"161","95","2017","93086","51618.8","1.56","Incorporación de predios al Portafolio Inmobiliario del Estado","MOQUEGUA","MARISCAL NIETO","MOQUEGUA","Privado","Sin Zonificación","Eriazo","Eriazo","Agropecuario","Agricola"
"162","96","2017","93086","48674.24","1.47","Incorporación de predios al Portafolio Inmobiliario del Estado","MOQUEGUA","MARISCAL NIETO","MOQUEGUA","Privado","Sin Zonificación","Eriazo","Eriazo","Agropecuario","Agricola"
"163","1","2018","93086","50352.87","1.52","Incorporación de predios al Portafolio Inmobiliario del Estado","MOQUEGUA","MARISCAL NIETO","MOQUEGUA","Privado","Sin Zonificación","Eriazo","Eriazo","Agropecuario","Agricola"
"164","2","2018","93086","54082.5","1.64","Incorporación de predios al Portafolio Inmobiliario del Estado","MOQUEGUA","MARISCAL NIETO","MOQUEGUA","Privado","Sin Zonificación","Eriazo","Eriazo","Agropecuario","Agricola"
"165","7","2018","102896","211.8","7.71","Incorporación de predios al Portafolio Inmobiliario del Estado","LIMA","LIMA","SANTA ROSA","Privado","RDM-Residencial Densidad Media","Urbano","Urbano","Vivienda","Desarrollo Inmobiliario"
"166","8","2018","102896","212.6","7.74","Incorporación de predios al Portafolio Inmobiliario del Estado","LIMA","LIMA","SANTA ROSA","Privado","ZHR-Zona de Habilitación Recreacional","Urbano","Urbano en Expansión Urbana","Vivienda","Desarrollo Inmobiliario"
"167","9","2018","121861","999.7","100","Incorporación de predios al Portafolio Inmobiliario del Estado","LIMA","LIMA","LURIN","Privado","E1-Educación Básica","Urbano","Urbano","Vivienda","Huerto"
"168","10","2018","121862","729.78","100","Incorporación de predios al Portafolio Inmobiliario del Estado","LIMA","LIMA","LURIN","Privado","PTE-Protección de Tratamiento Ecologico","Eriazo","Eriazo en Expansión Urbana","Vivienda","Huerto"
"169","12","2018","121895","1411.11","100","Incorporación de predios al Portafolio Inmobiliario del Estado","LIMA","LIMA","LURIN","Privado","PTE-Protección de Tratamiento Ecologico","Eriazo","Eriazo en Expansión Urbana","Vivienda","Huerto"
"170","13","2018","121897","649.95","100","Incorporación de predios al Portafolio Inmobiliario del Estado","LIMA","LIMA","LURIN","Privado","PTE-Protección de Tratamiento Ecologico","Eriazo","Eriazo en Expansión Urbana","Vivienda","Huerto"
"171","16","2018","121902","524.74","100","Incorporación de predios al Portafolio Inmobiliario del Estado","LIMA","LIMA","LURIN","Privado","PTE-Protección de Tratamiento Ecologico","Eriazo","Eriazo en Expansión Urbana","Vivienda","Huerto"
"172","17","2018","121904","524.74","100","Incorporación de predios al Portafolio Inmobiliario del Estado","LIMA","LIMA","LURIN","Privado","PTE-Protección de Tratamiento Ecologico","Eriazo","Eriazo en Expansión Urbana","Vivienda","Huerto"
"173","18","2018","121908","508.12","100","Incorporación de predios al Portafolio Inmobiliario del Estado","LIMA","LIMA","LURIN","Privado","PTE-Protección de Tratamiento Ecologico","Eriazo","Eriazo en Expansión Urbana","Vivienda","Huerto"
"174","19","2018","121906","506.55","100","Incorporación de predios al Portafolio Inmobiliario del Estado","LIMA","LIMA","LURIN","Privado","PTE-Protección de Tratamiento Ecologico","Eriazo","Eriazo en Expansión Urbana","Vivienda","Huerto"
"175","20","2018","121907","501.77","100","Incorporación de predios al Portafolio Inmobiliario del Estado","LIMA","LIMA","LURIN","Privado","PTE-Protección de Tratamiento Ecologico","Eriazo","Eriazo en Expansión Urbana","Vivienda","Huerto"
"176","24","2018","121913","5558.78","100","Incorporación de predios al Portafolio Inmobiliario del Estado","ANCASH","HUARMEY","HUARMEY","Privado","Sin Zonificación","Playa","Playa","Comercio","Local/Restaurant/Hospedaje"
"177","31","2018","121921","7792.87","100","Incorporación de predios al Portafolio Inmobiliario del Estado","ANCASH","HUARMEY","HUARMEY","Privado","Sin Zonificación","Playa","Playa","Comercio","Local/Restaurant/Hospedaje"
"178","33","2018","121925","7377.34","100","Incorporación de predios al Portafolio Inmobiliario del Estado","ANCASH","HUARMEY","HUARMEY","Privado","Sin Zonificación","Playa","Playa","Comercio","Local/Restaurant/Hospedaje"
"179","35","2018","121927","6794.08","100","Incorporación de predios al Portafolio Inmobiliario del Estado","ANCASH","HUARMEY","HUARMEY","Privado","Sin Zonificación","Playa","Playa","Comercio","Local/Restaurant/Hospedaje"
"180","36","2018","133760","52183.42","100","Incorporación de predios al Portafolio Inmobiliario del Estado","LIMA","CAÑETE","SAN ANTONIO","Privado","Sin Zonificación","Eriazo","Eriazo Ribereño al Mar","Vivienda","Desarrollo Inmobiliario"
"181","38","2018","133762","33174.03","100","Incorporación de predios al Portafolio Inmobiliario del Estado","LIMA","CAÑETE","SAN ANTONIO","Privado","Sin Zonificación","Eriazo","Eriazo Ribereño al Mar","Vivienda","Desarrollo Inmobiliario"
"182","39","2018","26687","141.2","0.99","Incorporación de predios al Portafolio Inmobiliario del Estado","LIMA","LIMA","VILLA MARIA DEL TRIUNFO","Público","E1-Educación Básica","Urbano","Urbano","Comercio","Local/Restaurant/Hospedaje"
"183","41","2018","26687","259.46","1.81","Incorporación de predios al Portafolio Inmobiliario del Estado","LIMA","LIMA","VILLA MARIA DEL TRIUNFO","Público","E1-Educación Básica","Urbano","Urbano","Comercio","Local/Restaurant/Hospedaje"
"184","46","2018","26687","13268.63","92.76","Incorporación de predios al Portafolio Inmobiliario del Estado","LIMA","LIMA","VILLA MARIA DEL TRIUNFO","Público","E1-Educación Básica","Urbano","Urbano","Recreación","Complejo Deportivo"
"185","49","2018","133748","114474.47","100","Incorporación de predios al Portafolio Inmobiliario del Estado","LIMA","HUAURA","SANTA MARIA","Privado","Sin Zonificación","Eriazo","Eriazo","Agropecuario","Agricola"
"186","50","2018","133750","94553.32","100","Incorporación de predios al Portafolio Inmobiliario del Estado","LIMA","HUAURA","SANTA MARIA","Privado","Sin Zonificación","Eriazo","Eriazo","Agropecuario","Agricola"
"187","52","2018","127922","2215.84","100","Incorporación de predios al Portafolio Inmobiliario del Estado","ANCASH","HUARMEY","HUARMEY","Privado","Sin Zonificación","Eriazo","Eriazo en Expansión Urbana","Vivienda","Social "
"188","53","2018","127926","3418.57","100","Incorporación de predios al Portafolio Inmobiliario del Estado","ANCASH","HUARMEY","HUARMEY","Privado","OU-otros Usos","Urbano","Urbano en Expansión Urbana","Vivienda","Social "
"189","55","2018","128348","901.16","100","Incorporación de predios al Portafolio Inmobiliario del Estado","LIMA","LIMA","LURIN","Privado","Sin Zonificación","Eriazo","Eriazo con entorno urbano","Vivienda","Huerto"
"190","56","2018","128354","900.89","100","Incorporación de predios al Portafolio Inmobiliario del Estado","LIMA","LIMA","LURIN","Privado","Sin Zonificación","Eriazo","Eriazo con entorno urbano","Vivienda","Huerto"
"191","59","2018","99102","871.64","3.12","Incorporación de predios al Portafolio Inmobiliario del Estado","LIMA","CAÑETE","SAN VICENTE DE CAÑETE","Privado","Sin Zonificación","Eriazo","Eriazo Ribereño al Mar","Servicios Urbanos","Servicios Comunales"
"192","60","2018","99102","11607.74","41.6","Incorporación de predios al Portafolio Inmobiliario del Estado","LIMA","CAÑETE","SAN VICENTE DE CAÑETE","Privado","Sin Zonificación","Eriazo","Eriazo Ribereño al Mar","Servicios Urbanos","Servicios Comunales"
"193","61","2018","99102","792.43","2.84","Incorporación de predios al Portafolio Inmobiliario del Estado","LIMA","CAÑETE","SAN VICENTE DE CAÑETE","Privado","Sin Zonificación","Eriazo","Eriazo Ribereño al Mar","Servicios Urbanos","Servicios Comunales"
"194","62","2018","135129","35926.3","100","Incorporación de predios al Portafolio Inmobiliario del Estado","LIMA","HUAURA","VEGUETA","Privado","Sin Zonificación","Eriazo","Eriazo","Agropecuario","Agricola"
"195","63","2018","135130","33935.2","100","Incorporación de predios al Portafolio Inmobiliario del Estado","LIMA","HUAURA","VEGUETA","Privado","Sin Zonificación","Eriazo","Eriazo","Agropecuario","Agricola"
"196","64","2018","135131","29360.48","100","Incorporación de predios al Portafolio Inmobiliario del Estado","LIMA","HUAURA","VEGUETA","Privado","Sin Zonificación","Eriazo","Eriazo","Agropecuario","Agricola"
"197","65","2018","135132","33762.39","100","Incorporación de predios al Portafolio Inmobiliario del Estado","LIMA","HUAURA","VEGUETA","Privado","Sin Zonificación","Eriazo","Eriazo","Agropecuario","Agricola"
"198","66","2018","135133","30044.64","100","Incorporación de predios al Portafolio Inmobiliario del Estado","LIMA","HUAURA","VEGUETA","Privado","Sin Zonificación","Eriazo","Eriazo","Agropecuario","Agricola"
"199","67","2018","135134","33512.32","100","Incorporación de predios al Portafolio Inmobiliario del Estado","LIMA","HUAURA","VEGUETA","Privado","Sin Zonificación","Eriazo","Eriazo","Agropecuario","Agricola"
"200","68","2018","135135","31201.33","100","Incorporación de predios al Portafolio Inmobiliario del Estado","LIMA","HUAURA","VEGUETA","Privado","Sin Zonificación","Eriazo","Eriazo","Agropecuario","Agricola"
"201","69","2018","135138","19732.46","100","Incorporación de predios al Portafolio Inmobiliario del Estado","LIMA","HUAURA","VEGUETA","Privado","Sin Zonificación","Eriazo","Eriazo","Agropecuario","Agricola"
"202","70","2018","127924","4131.4","100","Incorporación de predios al Portafolio Inmobiliario del Estado","ANCASH","HUARMEY","HUARMEY","Privado","Sin Zonificación","Eriazo","Eriazo con entorno urbano","Vivienda","Social "
"203","71","2018","127925","810.51","100","Incorporación de predios al Portafolio Inmobiliario del Estado","ANCASH","HUARMEY","HUARMEY","Privado","Sin Zonificación","Eriazo","Eriazo con entorno urbano","Vivienda","Social "
"204","72","2018","127928","2728.39","100","Incorporación de predios al Portafolio Inmobiliario del Estado","ANCASH","HUARMEY","HUARMEY","Privado","Sin Zonificación","Eriazo","Eriazo con entorno urbano","Vivienda","Social "
"205","73","2018","127930","3567.09","100","Incorporación de predios al Portafolio Inmobiliario del Estado","ANCASH","HUARMEY","HUARMEY","Privado","Sin Zonificación","Eriazo","Eriazo con entorno urbano","Vivienda","Social "
"206","74","2018","127932","2075.42","100","Incorporación de predios al Portafolio Inmobiliario del Estado","ANCASH","HUARMEY","HUARMEY","Privado","Sin Zonificación","Eriazo","Eriazo con entorno urbano","Vivienda","Social "
"207","75","2018","39686","10747.31","0.43","Incorporación de predios al Portafolio Inmobiliario del Estado","LIMA","LIMA","SANTA MARIA DEL MAR","Privado","ZHR-Zona de Habilitación Recreacional","Urbano","Urbano en Expansión Urbana","Vivienda","Social "
"208","76","2018","39686","10038.15","0.4","Incorporación de predios al Portafolio Inmobiliario del Estado","LIMA","LIMA","SANTA MARIA DEL MAR","Privado","ZHR-Zona de Habilitación Recreacional","Urbano","Urbano en Expansión Urbana","Vivienda","Social "
"209","77","2018","39686","10032.49","0.4","Incorporación de predios al Portafolio Inmobiliario del Estado","LIMA","LIMA","SANTA MARIA DEL MAR","Privado","ZHR-Zona de Habilitación Recreacional","Urbano","Urbano en Expansión Urbana","Vivienda","Social "
"210","78","2018","39686","10025.98","0.4","Incorporación de predios al Portafolio Inmobiliario del Estado","LIMA","LIMA","SANTA MARIA DEL MAR","Privado","ZHR-Zona de Habilitación Recreacional","Urbano","Urbano en Expansión Urbana","Vivienda","Social "
"211","79","2018","39686","10061.89","0.4","Incorporación de predios al Portafolio Inmobiliario del Estado","LIMA","LIMA","SANTA MARIA DEL MAR","Privado","","","","Vivienda","Social "
"212","80","2018","127934","5197.79","100","Incorporación de predios al Portafolio Inmobiliario del Estado","ANCASH","HUARMEY","HUARMEY","Privado","Sin Zonificación","Eriazo","Eriazo con entorno urbano","Vivienda","Social "
"213","81","2018","39686","10627.39","0.43","Incorporación de predios al Portafolio Inmobiliario del Estado","LIMA","LIMA","SANTA MARIA DEL MAR","Privado","ZHR-Zona de Habilitación Recreacional","Urbano","Urbano en Expansión Urbana","Vivienda","Social "
"214","82","2018","39686","11743.96","0.47","Incorporación de predios al Portafolio Inmobiliario del Estado","LIMA","LIMA","SANTA MARIA DEL MAR","Privado","ZHR-Zona de Habilitación Recreacional","Urbano","Urbano en Expansión Urbana","Vivienda","Social "
"215","83","2018","127935","6796.36","100","Incorporación de predios al Portafolio Inmobiliario del Estado","ANCASH","HUARMEY","HUARMEY","Privado","Sin Zonificación","Eriazo","Eriazo con entorno urbano","Vivienda","Social "
"216","84","2018","127937","7074.57","100","Incorporación de predios al Portafolio Inmobiliario del Estado","ANCASH","HUARMEY","HUARMEY","Privado","Sin Zonificación","Eriazo","Eriazo con entorno urbano","Vivienda","Social "
"217","85","2018","134955","58311.16","100","Incorporación de predios al Portafolio Inmobiliario del Estado","MOQUEGUA","ILO","ILO","Privado","ZPA-Zona de Protección Ambiental","Eriazo","Eriazo con entorno urbano","Vivienda","Huerto"
"218","86","2018","134945","86104.59","100","Incorporación de predios al Portafolio Inmobiliario del Estado","MOQUEGUA","ILO","ILO","Privado","ZPA-Zona de Protección Ambiental","Eriazo","Eriazo con entorno urbano","Vivienda","Huerto"
"219","87","2018","134950","96669.87","100","Incorporación de predios al Portafolio Inmobiliario del Estado","MOQUEGUA","ILO","ILO","Privado","ZPA-Zona de Protección Ambiental","Eriazo","Eriazo con entorno urbano","Vivienda","Huerto"
"220","88","2018","134953","78063.93","100","Incorporación de predios al Portafolio Inmobiliario del Estado","MOQUEGUA","ILO","ILO","Privado","ZPA-Zona de Protección Ambiental","Eriazo","Eriazo con entorno urbano","Vivienda","Huerto"
"221","89","2018","39686","13838.62","0.55","Incorporación de predios al Portafolio Inmobiliario del Estado","LIMA","LIMA","SANTA MARIA DEL MAR","Privado","","","","Vivienda","Social "
"222","90","2018","39686","26704.72","1.07","Incorporación de predios al Portafolio Inmobiliario del Estado","LIMA","LIMA","SANTA MARIA DEL MAR","Privado","ZHR-Zona de Habilitación Recreacional","Urbano","Urbano en Expansión Urbana","Vivienda","Social "
"223","91","2018","39686","16208.83","0.65","Incorporación de predios al Portafolio Inmobiliario del Estado","LIMA","LIMA","SANTA MARIA DEL MAR","Privado","ZHR-Zona de Habilitación Recreacional","Urbano","Urbano en Expansión Urbana","Vivienda","Social "
"224","92","2018","39686","20032.2","0.8","Incorporación de predios al Portafolio Inmobiliario del Estado","LIMA","LIMA","SANTA MARIA DEL MAR","Privado","ZHR-Zona de Habilitación Recreacional","Urbano","Urbano en Expansión Urbana","Vivienda","Social "
"225","93","2018","39686","18136.01","0.73","Incorporación de predios al Portafolio Inmobiliario del Estado","LIMA","LIMA","SANTA MARIA DEL MAR","Privado","ZHR-Zona de Habilitación Recreacional","Urbano","Urbano en Expansión Urbana","Vivienda","Social "
"226","94","2018","134960","49960.05","100","Incorporación de predios al Portafolio Inmobiliario del Estado","MOQUEGUA","ILO","ILO","Privado","ZPA-Zona de Protección Ambiental","Eriazo","Eriazo con entorno urbano","Vivienda","Huerto"
"227","95","2018","134957","41817.71","100","Incorporación de predios al Portafolio Inmobiliario del Estado","MOQUEGUA","ILO","ILO","Privado","ZPA-Zona de Protección Ambiental","Eriazo","Eriazo con entorno urbano","Vivienda","Huerto"
"228","96","2018","127940","6357.52","100","Incorporación de predios al Portafolio Inmobiliario del Estado","ANCASH","HUARMEY","HUARMEY","Privado","Sin Zonificación","Eriazo","Eriazo con entorno urbano","Vivienda","Social "
"229","97","2018","127939","5669.95","100","Incorporación de predios al Portafolio Inmobiliario del Estado","ANCASH","HUARMEY","HUARMEY","Privado","Sin Zonificación","Eriazo","Eriazo con entorno urbano","Vivienda","Social "
"230","98","2018","134961","98279.62","100","Incorporación de predios al Portafolio Inmobiliario del Estado","MOQUEGUA","ILO","ILO","Privado","Ou-Otros Usos","Urbano","Urbano en Expansión Urbana","Vivienda","Social "
"231","2","2019","39686","15334.62","0.61","Incorporación de predios al Portafolio Inmobiliario del Estado","LIMA","LIMA","SANTA MARIA DEL MAR","Privado","ZHR-Zona de Habilitación Recreacional","Urbano","Urbano en Expansión Urbana","Vivienda","Playa"
"232","3","2019","39686","17194.87","0.69","Incorporación de predios al Portafolio Inmobiliario del Estado","LIMA","LIMA","SANTA MARIA DEL MAR","Privado","ZHR-Zona de Habilitación Recreacional","Urbano","Urbano en Expansión Urbana","Vivienda","Playa"
"233","4","2019","53310","25625.37","20.51","Incorporación de predios al Portafolio Inmobiliario del Estado","LIMA","LIMA","PUCUSANA","Privado","PTP-Protección Tratamiento Paisajístico","Eriazo","Eriazo en Expansión Urbana","Vivienda","Desarrollo Inmobiliario"
"234","6","2019","39686","20716.37","0.83","Incorporación de predios al Portafolio Inmobiliario del Estado","LIMA","LIMA","SANTA MARIA DEL MAR","Privado","ZHR-Zona de Habilitación Recreacional","Urbano","Urbano en Expansión Urbana","Vivienda","Playa"
"235","7","2019","39686","82197.12","3.3","Incorporación de predios al Portafolio Inmobiliario del Estado","LIMA","LIMA","SANTA MARIA DEL MAR","Privado","ZHR-Zona de Habilitación Recreacional","Urbano","Urbano en Expansión Urbana","Recreación","Centro Vacacional"
"236","8","2019","39686","83929.89","3.36","Incorporación de predios al Portafolio Inmobiliario del Estado","LIMA","LIMA","SANTA MARIA DEL MAR","Privado","PTP-Protección Tratamiento Paisajístico","Eriazo","Eriazo con entorno urbano","Recreación","Centro Vacacional"
"237","9","2019","39686","58498.68","2.35","Incorporación de predios al Portafolio Inmobiliario del Estado","LIMA","LIMA","SANTA MARIA DEL MAR","Privado","PTP-Protección Tratamiento Paisajístico","Eriazo","Eriazo con entorno urbano","Recreación","Centro Vacacional"
"238","10","2019","39686","45200.49","1.81","Incorporación de predios al Portafolio Inmobiliario del Estado","LIMA","LIMA","SANTA MARIA DEL MAR","Privado","PTP-Protección Tratamiento Paisajístico","Eriazo","Eriazo con entorno urbano","Recreación","Centro Vacacional"
"239","11","2019","39686","88686.78","3.56","Incorporación de predios al Portafolio Inmobiliario del Estado","LIMA","LIMA","SANTA MARIA DEL MAR","Privado","ZHR-Zona de Habilitación Recreacional","Urbano","Urbano en Expansión Urbana","Recreación","Centro Vacacional"
"240","12","2019","39686","86356.88","3.46","Incorporación de predios al Portafolio Inmobiliario del Estado","LIMA","LIMA","SANTA MARIA DEL MAR","Privado","ZHR-Zona de Habilitación Recreacional","Urbano","Urbano en Expansión Urbana","Recreación","Centro Vacacional"
"241","13","2019","39686","76848.02","3.08","Incorporación de predios al Portafolio Inmobiliario del Estado","LIMA","LIMA","SANTA MARIA DEL MAR","Privado","PTP-Protección Tratamiento Paisajístico","Eriazo","Eriazo con entorno urbano","Recreación","Centro Vacacional"
"242","14","2019","37662","16536.04","6.9","Incorporación de predios al Portafolio Inmobiliario del Estado","LIMA","LIMA","PUCUSANA","Privado","PTP-Protección Tratamiento Paisajístico","Eriazo","Eriazo en Expansión Urbana","Vivienda","Social "
"243","15","2019","37662","2289.79","0.96","Incorporación de predios al Portafolio Inmobiliario del Estado","LIMA","LIMA","PUCUSANA","Privado","PTP-Protección Tratamiento Paisajístico","Eriazo","Eriazo en Expansión Urbana","Vivienda","Social "
"244","16","2019","136514","461.87","100","Incorporación de predios al Portafolio Inmobiliario del Estado","LIMA","LIMA","SAN JUAN DE LURIGANCHO","Privado","PTP-Protección Tratamiento Paisajístico","Eriazo","Eriazo con entorno urbano","Ambiental","Arborización"
"245","17","2019","136479","1199.94","100","Incorporación de predios al Portafolio Inmobiliario del Estado","LIMA","LIMA","SAN JUAN DE LURIGANCHO","Privado","PTP-Protección Tratamiento Paisajístico","Eriazo","Eriazo con entorno urbano","Vivienda","Huerto"
"246","18","2019","136544","32738.06","100","Incorporación de predios al Portafolio Inmobiliario del Estado","LIMA","LIMA","ATE","Privado","PTP-Protección Tratamiento Paisajístico","Eriazo","Eriazo con entorno urbano","Recreación","Parque/área Verde/Mirador"
"247","20","2019","39686","78987.31","3.17","Incorporación de predios al Portafolio Inmobiliario del Estado","LIMA","LIMA","SANTA MARIA DEL MAR","Privado","PTP-Protección Tratamiento Paisajístico","Eriazo","Eriazo con entorno urbano","Recreación","Centro Vacacional"
"248","21","2019","39686","12787.46","0.51","Incorporación de predios al Portafolio Inmobiliario del Estado","LIMA","LIMA","SANTA MARIA DEL MAR","Privado","ZHR-Zona de Habilitación Recreacional","Urbano","Urbano","Vivienda","Playa"
"249","25","2019","135136","37376.91","100","Incorporación de predios al Portafolio Inmobiliario del Estado","LIMA","HUAURA","VEGUETA","Privado","Sin Zonificación","Eriazo","Eriazo","Agropecuario","Agricola"
"250","27","2019","136512","490.46","1.79","Incorporación de predios al Portafolio Inmobiliario del Estado","LIMA","LIMA","SAN JUAN DE LURIGANCHO","Privado","PTP-Protección Tratamiento Paisajístico","Eriazo","Eriazo con entorno urbano","Vivienda","Social "
"251","29","2019","136487","213.79","100","Incorporación de predios al Portafolio Inmobiliario del Estado","LIMA","LIMA","SAN JUAN DE LURIGANCHO","Privado","PTP-Protección Tratamiento Paisajístico","Eriazo","Eriazo con entorno urbano","Vivienda","Social "
"252","30","2019","136489","740.28","100","Incorporación de predios al Portafolio Inmobiliario del Estado","LIMA","LIMA","SAN JUAN DE LURIGANCHO","Privado","PTP-Protección Tratamiento Paisajístico","Eriazo","Eriazo con entorno urbano","Vivienda","Huerto"
"253","31","2019","135146","29586.41","100","Incorporación de predios al Portafolio Inmobiliario del Estado","LIMA","HUAURA","VEGUETA","Privado","Sin Zonificación","Eriazo","Eriazo","Agropecuario","Agricola"
"254","32","2019","135554","26513.67","100","Incorporación de predios al Portafolio Inmobiliario del Estado","ANCASH","SANTA","CHIMBOTE","Privado","Sin Zonificación","Eriazo","Eriazo en Expansión Urbana","Agropecuario","Agricola"
"255","33","2019","135562","19314.03","100","Incorporación de predios al Portafolio Inmobiliario del Estado","ANCASH","SANTA","CHIMBOTE","Privado","Sin Zonificación","Eriazo","Eriazo en Expansión Urbana","Vivienda","Desarrollo Inmobiliario"
"256","34","2019","136532","9022.38","100","Incorporación de predios al Portafolio Inmobiliario del Estado","LIMA","LIMA","CARABAYLLO","Privado","PTP-Protección Tratamiento Paisajístico","Eriazo","Eriazo con entorno urbano","Vivienda","Huerto"
"257","35","2019","135568","8960.95","100","Incorporación de predios al Portafolio Inmobiliario del Estado","ANCASH","SANTA","CHIMBOTE","Privado","Sin Zonificación","Eriazo","Eriazo en Expansión Urbana","Vivienda","Social "
"258","37","2019","136530","1393.85","100","Incorporación de predios al Portafolio Inmobiliario del Estado","LIMA","LIMA","CARABAYLLO","Privado","PTP-Protección Tratamiento Paisajístico","Eriazo","Eriazo con entorno urbano","Vivienda","Taller"
"259","38","2019","26225","29362.89","0.01","Incorporación de predios al Portafolio Inmobiliario del Estado","LIMA","LIMA","ANCON","Privado","RDM-Residencial Densidad Media","Urbano","Urbano","Vivienda","Social "
"260","41","2019","45908","99199.23","0.04","Incorporación de predios al Portafolio Inmobiliario del Estado","PIURA","TALARA","LA BREA","Privado","Sin Zonificación","Urbano","Urbano en Expansión Urbana","Vivienda","Social "
"261","42","2019","45908","116371.38","0.02","Incorporación de predios al Portafolio Inmobiliario del Estado","PIURA","TALARA","LA BREA","Privado","Sin Zonificación","Urbano","Urbano en Expansión Urbana","Vivienda","Desarrollo Inmobiliario"
"262","43","2019","45908","91558.9","0.01","Incorporación de predios al Portafolio Inmobiliario del Estado","PIURA","TALARA","LA BREA","Privado","Sin Zonificación","Urbano","Urbano en Expansión Urbana","Vivienda","Desarrollo Inmobiliario"
"263","48","2019","144543","15156.32","100","Incorporación de predios al Portafolio Inmobiliario del Estado","MOQUEGUA","ILO","ILO","Privado","Sin Zonificación","Urbano","Urbano en Expansión Urbana","Vivienda","Social "
"264","49","2019","144542","16127.75","100","Incorporación de predios al Portafolio Inmobiliario del Estado","MOQUEGUA","ILO","ILO","Privado","Sin Zonificación","Urbano","Urbano en Expansión Urbana","Vivienda","Social "
"265","52","2019","144470","65601.53","0.02","Incorporación de predios al Portafolio Inmobiliario del Estado","LIMA","LIMA","ANCON","Privado","RDM-Residencial Densidad Media","Urbano","Urbano","Vivienda","Social "
"266","53","2019","133983","74866.27","100","Incorporación de predios al Portafolio Inmobiliario del Estado","LIMA","CAÑETE","SAN VICENTE DE CAÑETE","Privado","","Playa","Playa","Recreación","Centro Vacacional"
"267","56","2019","133891","395593.62","100","Incorporación de predios al Portafolio Inmobiliario del Estado","ANCASH","CASMA","CASMA","Privado","","Playa","Playa","Vivienda","Social "
"268","57","2019","133892","432191.8","100","Incorporación de predios al Portafolio Inmobiliario del Estado","ANCASH","HUARMEY","CULEBRAS","Privado","Sin Zonificación","Eriazo","Eriazo","Vivienda","Social "
"269","58","2019","53310","21027.72","8.72","Incorporación de predios al Portafolio Inmobiliario del Estado","LIMA","LIMA","PUCUSANA","Privado","PTP-Protección Tratamiento Paisajístico","Eriazo","Eriazo en Expansión Urbana","Vivienda","Desarrollo Inmobiliario"
"270","59","2019","53310","11914.24","0.26","Incorporación de predios al Portafolio Inmobiliario del Estado","LIMA","LIMA","PUCUSANA","Privado","PTP-Protección Tratamiento Paisajístico","Eriazo","Eriazo en Expansión Urbana","Vivienda","Social "
"271","61","2019","37662","17157.9","7.16","Incorporación de predios al Portafolio Inmobiliario del Estado","LIMA","LIMA","PUCUSANA","Privado","PTP-Protección Tratamiento Paisajístico","Eriazo","Eriazo en Expansión Urbana","Vivienda","Social "
"272","62","2019","135560","20736.76","100","Incorporación de predios al Portafolio Inmobiliario del Estado","ANCASH","SANTA","CHIMBOTE","Privado","Sin Zonificación","Eriazo","Eriazo en Expansión Urbana","Vivienda","Social "
"273","63","2019","53310","16032.08","6.65","Incorporación de predios al Portafolio Inmobiliario del Estado","LIMA","LIMA","PUCUSANA","Privado","PTP-Protección Tratamiento Paisajístico","Eriazo","Eriazo en Expansión Urbana","Vivienda","Desarrollo Inmobiliario"
"274","66","2019","135542","50933.61","100","Incorporación de predios al Portafolio Inmobiliario del Estado","ANCASH","SANTA","CHIMBOTE","Privado","Sin Zonificación","Eriazo","Eriazo en Expansión Urbana","Otros Usos","Otros Usos"
"275","67","2019","135547","29610.09","0.86","Incorporación de predios al Portafolio Inmobiliario del Estado","ANCASH","SANTA","CHIMBOTE","Privado","Sin Zonificación","Eriazo","Eriazo en Expansión Urbana","Vivienda","Huerto"
"276","70","2019","135556","43840.45","100","Incorporación de predios al Portafolio Inmobiliario del Estado","ANCASH","SANTA","CHIMBOTE","Privado","Sin Zonificación","Eriazo","Eriazo en Expansión Urbana","Agropecuario","Agricola"
"277","72","2019","135558","36114.98","100","Incorporación de predios al Portafolio Inmobiliario del Estado","ANCASH","SANTA","CHIMBOTE","Privado","Sin Zonificación","Eriazo","Eriazo en Expansión Urbana","Vivienda","Social "
"278","64","2019","133999","72243.44","100","Incorporación de predios al Portafolio Inmobiliario del Estado","LIMA","CAÑETE","SAN VICENTE DE CAÑETE","Privado","","Playa","Playa","Recreación","Centro Vacacional"
"279","65","2019","135635","38475.42","100","Incorporación de predios al Portafolio Inmobiliario del Estado","ANCASH","SANTA","CHIMBOTE","Privado","Sin Zonificación","Eriazo","Eriazo en Expansión Urbana","Agropecuario","Agroindustria Alimentaria"
"280","73","2019","135589","41246.66","1.65","Incorporación de predios al Portafolio Inmobiliario del Estado","ANCASH","SANTA","CHIMBOTE","Privado","Sin Zonificación","Eriazo","Eriazo en Expansión Urbana","Agropecuario","Agricola"
"281","74","2019","135592","14535.16","100","Incorporación de predios al Portafolio Inmobiliario del Estado","ANCASH","SANTA","CHIMBOTE","Privado","Sin Zonificación","Eriazo","Eriazo en Expansión Urbana","Vivienda","Social "
"282","75","2019","37662","10820.74","4.52","Incorporación de predios al Portafolio Inmobiliario del Estado","LIMA","LIMA","PUCUSANA","Privado","Sin Zonificación","Eriazo","Eriazo en Expansión Urbana","Vivienda","Social "
"283","76","2019","135593","4031.6","100","Incorporación de predios al Portafolio Inmobiliario del Estado","ANCASH","SANTA","CHIMBOTE","Privado","PTP-Protección Tratamiento Paisajístico","Eriazo","Eriazo en Expansión Urbana","Vivienda","Social "
"284","77","2019","133800","2075.96","100","Incorporación de predios al Portafolio Inmobiliario del Estado","LORETO","MAYNAS","BELEN","Privado","RDM-Residencial Densidad Media","Urbano","Urbano","Vivienda","Social "
"285","78","2019","133793","9027.64","100","Incorporación de predios al Portafolio Inmobiliario del Estado","LORETO","MAYNAS","BELEN","Privado","RDM-Residencial Densidad Media","Urbano","Urbano","Vivienda","Social "
"286","79","2019","133792","5088.98","100","Incorporación de predios al Portafolio Inmobiliario del Estado","LORETO","MAYNAS","BELEN","Privado","RDM-Residencial Densidad Media","Urbano","Urbano","Vivienda","Social "
"287","81","2019","144469","45430.34","0.02","Incorporación de predios al Portafolio Inmobiliario del Estado","LIMA","LIMA","ANCON","Privado","RDM-Residencial Densidad Media","Urbano","Urbano en Expansión Urbana","Vivienda","Social "
"288","82","2019","45908","99446.47","0.08","Incorporación de predios al Portafolio Inmobiliario del Estado","PIURA","TALARA","LA BREA","Privado","Sin Zonificación","Urbano","Urbano en Expansión Urbana","Vivienda","Desarrollo Inmobiliario"
"289","83","2019","45908","90908.72","0.07","Incorporación de predios al Portafolio Inmobiliario del Estado","PIURA","TALARA","LA BREA","Privado","Sin Zonificación","Urbano","Urbano en Expansión Urbana","Vivienda","Desarrollo Inmobiliario"
"290","520","2020","103427","9513.63","14.53","Incorporación de predios al Portafolio Inmobiliario del Estado","LIMA","LIMA","PUENTE PIEDRA","Privado","PTP-Protección Tratamiento Paisajístico","Eriazo","Eriazo con entorno urbano","Ambiental","Arborización"
"291","521","2020","144474","28118.82","0.01","Incorporación de predios al Portafolio Inmobiliario del Estado","LIMA","LIMA","ANCON","Privado","RDM-Residencial Densidad Media","Urbano","Urbano","Vivienda","Social "
"292","533","2020","144481","53524.34","0.02","Incorporación de predios al Portafolio Inmobiliario del Estado","LIMA","LIMA","ANCON","Privado","RDM-Residencial Densidad Media","Urbano","Urbano","Vivienda","Social "
"293","534","2020","103427","4944.98","7.55","Incorporación de predios al Portafolio Inmobiliario del Estado","LIMA","LIMA","PUENTE PIEDRA","Privado","PTP-Protección Tratamiento Paisajístico","Eriazo","Eriazo con entorno urbano","Recreación","Parque/área Verde/Mirador"
"294","522","2020","144475","100091.3","0.04","Incorporación de predios al Portafolio Inmobiliario del Estado","LIMA","LIMA","ANCON","Privado","RDM-Residencial Densidad Media","Urbano","Urbano","Vivienda","Social "
"295","523","2020","25614","561.48","100","Incorporación de predios al Portafolio Inmobiliario del Estado","LIMA","LIMA","PUEBLO LIBRE","Privado","RDM-Residencial Densidad Media","Urbano","Urbano","Vivienda","Social "
"296","524","2020","144477","25618.99","100","Incorporación de predios al Portafolio Inmobiliario del Estado","LIMA","LIMA","ANCON","Privado","RDM-Residencial Densidad Media","Urbano","Urbano","Vivienda","Social "
"297","525","2020","144478","41505.24","100","Incorporación de predios al Portafolio Inmobiliario del Estado","LIMA","LIMA","ANCON","Privado","RDM-Residencial Densidad Media","Urbano","Urbano","Vivienda","Social "
"298","544","2020","144480","21509.55","0.01","Incorporación de predios al Portafolio Inmobiliario del Estado","LIMA","LIMA","ANCON","Privado","RDM-Residencial Densidad Media","Urbano","Urbano","Vivienda","Social "
"299","545","2020","103427","12121.6","18.51","Incorporación de predios al Portafolio Inmobiliario del Estado","LIMA","LIMA","PUENTE PIEDRA","Privado","PTP-Protección Tratamiento Paisajístico","Urbano","Urbano en Expansión Urbana","Vivienda","Taller"
"300","546","2020","103427","9048.76","13.82","Incorporación de predios al Portafolio Inmobiliario del Estado","LIMA","LIMA","PUENTE PIEDRA","Privado","PTP-Protección Tratamiento Paisajístico","Urbano","Urbano en Expansión Urbana","Vivienda","Taller"
"301","563","2020","45908","106631.59","0.09","Incorporación de predios al Portafolio Inmobiliario del Estado","PIURA","TALARA","LA BREA","Privado","Sin Zonificación","Eriazo","Eriazo Urbanizable","Vivienda","Desarrollo Inmobiliario"
"302","565","2020","45908","99693.71","0.08","Incorporación de predios al Portafolio Inmobiliario del Estado","PIURA","TALARA","LA BREA","Privado","Sin Zonificación","Eriazo","Eriazo Urbanizable","Vivienda","Desarrollo Inmobiliario"
"303","566","2020","45908","90925.37","0.07","Incorporación de predios al Portafolio Inmobiliario del Estado","PIURA","TALARA","LA BREA","Privado","Sin Zonificación","Eriazo","Eriazo Urbanizable","Vivienda","Desarrollo Inmobiliario"
"304","567","2020","45908","89131.26","0.07","Incorporación de predios al Portafolio Inmobiliario del Estado","PIURA","TALARA","LA BREA","Privado","Sin Zonificación","Eriazo","Eriazo Urbanizable","Vivienda","Desarrollo Inmobiliario"
"305","568","2020","45908","88761.81","0.07","Incorporación de predios al Portafolio Inmobiliario del Estado","PIURA","TALARA","LA BREA","Privado","Sin Zonificación","Eriazo","Eriazo Urbanizable","Vivienda","Desarrollo Inmobiliario"
"306","569","2020","45908","72698.49","0.06","Incorporación de predios al Portafolio Inmobiliario del Estado","PIURA","TALARA","LA BREA","Privado","Sin Zonificación","Eriazo","Eriazo Urbanizable","Vivienda","Desarrollo Inmobiliario"
"307","862","2020","103388","14141.63","0.38","Incorporación de predios al Portafolio Inmobiliario del Estado","MOQUEGUA","ILO","ILO","Privado","RDM-Residencial Densidad Media","Urbano","Urbano en Expansión Urbana","Vivienda","Huerto"
"308","879","2020","103388","92386.67","2.48","Incorporación de predios al Portafolio Inmobiliario del Estado","MOQUEGUA","ILO","ILO","Privado","Sin Zonificación","Urbano","Urbano en Expansión Urbana","Vivienda","Huerto"
"309","880","2020","103388","77773.48","2.09","Incorporación de predios al Portafolio Inmobiliario del Estado","MOQUEGUA","ILO","ILO","Privado","OU-Otros Usos","Urbano","Urbano en Expansión Urbana","Vivienda","Huerto"
"310","881","2020","103388","73921.33","1.99","Incorporación de predios al Portafolio Inmobiliario del Estado","MOQUEGUA","ILO","ILO","Privado","Sin Zonificación","Urbano","Urbano en Expansión Urbana","Vivienda","Huerto"
"311","909","2020","45908","71640.6","0.06","Incorporación de predios al Portafolio Inmobiliario del Estado","PIURA","TALARA","LA BREA","Privado","No tiene - Área de Reserva Urbana","Eriazo","Eriazo Urbanizable","Vivienda","Desarrollo Inmobiliario"
"312","914","2020","45908","97479.29","0.08","Incorporación de predios al Portafolio Inmobiliario del Estado","PIURA","TALARA","LA BREA","Privado","No tiene - Área de Reserva Urbana","Eriazo","Eriazo Urbanizable","Vivienda","Desarrollo Inmobiliario"
"313","915","2020","45908","85565.97","0.07","Incorporación de predios al Portafolio Inmobiliario del Estado","PIURA","TALARA","LA BREA","Privado","No tiene - Área de Reserva Urbana","Eriazo","Eriazo Urbanizable","Vivienda","Desarrollo Inmobiliario"
"314","916","2020","45908","61416.5","0.05","Incorporación de predios al Portafolio Inmobiliario del Estado","PIURA","TALARA","LA BREA","Privado","No tiene - Área de Reserva Urbana","Eriazo","Eriazo Urbanizable","Vivienda","Desarrollo Inmobiliario"
"315","917","2020","45908","52966.03","0.04","Incorporación de predios al Portafolio Inmobiliario del Estado","PIURA","TALARA","LA BREA","Privado","No tiene - Área de Reserva Urbana","Eriazo","Eriazo Urbanizable","Vivienda","Desarrollo Inmobiliario"
"316","918","2020","45908","48218.04","0.04","Incorporación de predios al Portafolio Inmobiliario del Estado","PIURA","TALARA","LA BREA","Privado","No tiene - Área de Reserva Urbana","Eriazo","Eriazo Urbanizable","Vivienda","Desarrollo Inmobiliario"
"317","919","2020","131306","1962.29","21.35","Incorporación de predios al Portafolio Inmobiliario del Estado","LIMA","LIMA","PUCUSANA","Privado","AP - Zonificación Agropecuaria","Rural","Rural","Vivienda","Huerto"
"318","921","2020","131306","3251.59","35.38","Incorporación de predios al Portafolio Inmobiliario del Estado","LIMA","LIMA","PUCUSANA","Privado","AP - Zonificación Agropecuaria","Rural","Rural","Vivienda","Huerto"
"319","924","2020","131306","3208.36","34.91","Incorporación de predios al Portafolio Inmobiliario del Estado","LIMA","LIMA","PUCUSANA","Privado","AP - Zonificación Agropecuaria","Rural","Rural","Vivienda","Huerto"
"320","927","2020","34552","1512.5","100","Incorporación de predios al Portafolio Inmobiliario del Estado","LIMA","LIMA","SAN JUAN DE MIRAFLORES","Privado","Comercio Zonal","Urbano","Urbano","Servicios Urbanos","Salud"
"321","928","2020","79726","523.43","100","Incorporación de predios al Portafolio Inmobiliario del Estado","LIMA","LIMA","PUNTA HERMOSA","Privado","PTP - PROTECCIÓN Y TRATAMIENTO PAISAJISTA","Eriazo","Eriazo Ribereño al Mar","Recreación","Parque/área Verde/Mirador"
"322","958","2020","45908","72451.25","0.06","Incorporación de predios al Portafolio Inmobiliario del Estado","PIURA","TALARA","LA BREA","Privado","No tiene - Área de Reserva Urbana","Eriazo","Eriazo Urbanizable","Vivienda","Desarrollo Inmobiliario"
"323","884","2020","103388","9827.95","0.26","Incorporación de predios al Portafolio Inmobiliario del Estado","MOQUEGUA","ILO","ILO","Privado","OU-Otros Usos","Urbano","Urbano en Expansión Urbana","Vivienda","Huerto"
"324","885","2020","103388","64486.37","1.73","Incorporación de predios al Portafolio Inmobiliario del Estado","MOQUEGUA","ILO","ILO","Privado","Sin Zonificación","Urbano","Urbano en Expansión Urbana","Vivienda","Huerto"
"325","886","2020","103388","27635.04","0.74","Incorporación de predios al Portafolio Inmobiliario del Estado","MOQUEGUA","ILO","ILO","Privado","I1 - Industria Elemental","Urbano","Urbano","Vivienda","Taller"
"326","1412","2020","103388","36201.96","0.97","Incorporación de predios al Portafolio Inmobiliario del Estado","MOQUEGUA","ILO","ILO","Privado","Sin Zonificación","Urbano","Urbano en Expansión Urbana","Vivienda","Huerto"
"327","1413","2020","103388","9160.4","0.25","Incorporación de predios al Portafolio Inmobiliario del Estado","MOQUEGUA","ILO","ILO","Privado","Sin Zonificación","Urbano","Urbano en Expansión Urbana","Vivienda","Huerto"
"328","1414","2020","103388","97106.46","2.61","Incorporación de predios al Portafolio Inmobiliario del Estado","MOQUEGUA","ILO","ILO","Privado","Sin Zonificación","Urbano","Urbano en Expansión Urbana","Vivienda","Huerto"
"329","1415","2020","103388","90296.9","2.43","Incorporación de predios al Portafolio Inmobiliario del Estado","MOQUEGUA","ILO","ILO","Privado","Sin Zonificación","Urbano","Urbano en Expansión Urbana","Vivienda","Huerto"
"330","1416","2020","103388","101287.06","2.72","Incorporación de predios al Portafolio Inmobiliario del Estado","MOQUEGUA","ILO","ILO","Privado","Zona de Reglamentación Especial-ZRE (51%), Sin Zonificación (49%).","Urbano","Urbano en Expansión Urbana","Vivienda","Huerto"
"331","1417","2020","103388","107443.54","2.89","Incorporación de predios al Portafolio Inmobiliario del Estado","MOQUEGUA","ILO","ILO","Privado","Zona de Reglamentación Especial-ZRE (51%), Sin Zonificación (49%).","Urbano","Urbano en Expansión Urbana","Vivienda","Huerto"
"332","1418","2020","103388","46767.34","1.26","Incorporación de predios al Portafolio Inmobiliario del Estado","MOQUEGUA","ILO","ILO","Privado","Zona de Reglamentación Especial-ZRE","Urbano","Urbano en Expansión Urbana","Vivienda","Huerto"
"333","1419","2020","103388","75277.22","2.02","Incorporación de predios al Portafolio Inmobiliario del Estado","MOQUEGUA","ILO","ILO","Privado","Zona de Reglamentación Especial-ZRE (92%), Sin Zonificación (8%)","Urbano","Urbano en Expansión Urbana","Vivienda","Huerto"
"334","1420","2020","103388","119205.42","3.21","Incorporación de predios al Portafolio Inmobiliario del Estado","MOQUEGUA","ILO","ILO","Privado","Sin Zonificación (99%), Zona de Reglamentación Especial-ZRE (1%)","Urbano","Urbano en Expansión Urbana","Vivienda","Huerto"
"335","1421","2020","103388","90222.79","2.43","Incorporación de predios al Portafolio Inmobiliario del Estado","MOQUEGUA","ILO","ILO","Privado","Sin Zonificación (88%), Zona de Reglamentación Especial-ZRE (12%),","Urbano","Urbano en Expansión Urbana","Vivienda","Huerto"
"336","1422","2020","103388","48060.91","1.29","Incorporación de predios al Portafolio Inmobiliario del Estado","MOQUEGUA","ILO","ILO","Privado","Sin Zonificación","Urbano","Urbano en Expansión Urbana","Servicios Urbanos","Salud"
"337","1423","2020","103388","55652.78","1.5","Incorporación de predios al Portafolio Inmobiliario del Estado","MOQUEGUA","ILO","ILO","Privado","Sin Zonificación","Urbano","Urbano en Expansión Urbana","Vivienda","Huerto"
"338","1424","2020","103388","64441.18","1.73","Incorporación de predios al Portafolio Inmobiliario del Estado","MOQUEGUA","ILO","ILO","Privado","Sin Zonificación","Urbano","Urbano en Expansión Urbana","Vivienda","Huerto"
"339","1441","2020","103388","47161.1","1.27","Incorporación de predios al Portafolio Inmobiliario del Estado","MOQUEGUA","ILO","ILO","Privado","Sin Zonificación","Urbano","Urbano en Expansión Urbana","Servicios Urbanos","Otros"
"340","1444","2020","103388","63394.84","1.7","Incorporación de predios al Portafolio Inmobiliario del Estado","MOQUEGUA","ILO","ILO","Privado","Sin Zonificación","Urbano","Urbano en Expansión Urbana","Vivienda","Huerto"
"341","1446","2020","103388","98488.23","2.65","Incorporación de predios al Portafolio Inmobiliario del Estado","MOQUEGUA","ILO","ILO","Privado","Sin Zonificación","Urbano","Urbano en Expansión Urbana","Comercio","Especializado"
"342","1447","2020","103388","55106","1.48","Incorporación de predios al Portafolio Inmobiliario del Estado","MOQUEGUA","ILO","ILO","Privado","Sin Zonificación","Urbano","Urbano en Expansión Urbana","Vivienda","Huerto"
"343","1448","2020","103388","46026.81","1.24","Incorporación de predios al Portafolio Inmobiliario del Estado","MOQUEGUA","ILO","ILO","Privado","Sin Zonificación","Urbano","Urbano en Expansión Urbana","Vivienda","Huerto"
"344","1449","2020","103388","75116.79","2.02","Incorporación de predios al Portafolio Inmobiliario del Estado","MOQUEGUA","ILO","ILO","Privado","Sin Zonificación","Urbano","Urbano en Expansión Urbana","Vivienda","Huerto"
"345","1450","2020","103388","96264.82","2.59","Incorporación de predios al Portafolio Inmobiliario del Estado","MOQUEGUA","ILO","ILO","Privado","Sin Zonificación","Urbano","Urbano en Expansión Urbana","Vivienda","Huerto"
"346","1451","2020","110641","152.67","100","Incorporación de predios al Portafolio Inmobiliario del Estado","LIMA","LIMA","SAN JUAN DE LURIGANCHO","Privado","Residencial de Densidad Media – RDM","Urbano","Urbano en Expansión Urbana","Vivienda","Social "
"347","1452","2020","110643","87.91","100","Incorporación de predios al Portafolio Inmobiliario del Estado","LIMA","LIMA","SAN JUAN DE LURIGANCHO","Privado","Residencial de Densidad Media – RDM","Urbano","Urbano en Expansión Urbana","Vivienda","Social "
"348","1453","2020","45908","22298.03","0.02","Incorporación de predios al Portafolio Inmobiliario del Estado","PIURA","TALARA","LA BREA","Privado","Zona Residencial de Densidad Media – RDM","Urbano","Urbano en Expansión Urbana","Vivienda","Desarrollo Inmobiliario"
"349","1506","2020","103388","58168.87","","Incorporación de predios al Portafolio Inmobiliario del Estado","MOQUEGUA","ILO","ILO","Privado","Sin Zonificación","Urbano","Urbano en Expansión Urbana","Vivienda","Huerto"
"350","1507","2020","103388","42433.02","","Incorporación de predios al Portafolio Inmobiliario del Estado","MOQUEGUA","ILO","ILO","Privado","Sin Zonificación","Urbano","Urbano en Expansión Urbana","Vivienda","Huerto"
"351","1508","2020","103388","72683.59","","Incorporación de predios al Portafolio Inmobiliario del Estado","MOQUEGUA","ILO","ILO","Privado","Sin Zonificación","Urbano","Urbano en Expansión Urbana","Vivienda","Huerto"
"352","1509","2020","45908","48709.86","","Incorporación de predios al Portafolio Inmobiliario del Estado","PIURA","TALARA","LA BREA","Privado","Zona Residencial de Densidad Media – RDM","Urbano","Urbano en Expansión Urbana","Vivienda","Desarrollo Inmobiliario"
"353","1511","2020","110642","95.29","13.77","Incorporación de predios al Portafolio Inmobiliario del Estado","LIMA","LIMA","SAN JUAN DE LURIGANCHO","Privado","Residencial de Densidad Media – RDM","Urbano","Urbano","Vivienda","Social "
"354","1513","2020","110642","104.06","","Incorporación de predios al Portafolio Inmobiliario del Estado","LIMA","LIMA","SAN JUAN DE LURIGANCHO","Privado","Residencial de Densidad Media – RDM","Urbano","Urbano","Vivienda","Social "
"355","1572","2020","110642","112.24","16.22","Incorporación de predios al Portafolio Inmobiliario del Estado","LIMA","LIMA","SAN JUAN DE LURIGANCHO","Privado","RDM - Residencial de Densidad Media","Urbano","Isla Rustica","Vivienda","Social "
"356","1576","2020","110642","95.19","13.76","Incorporación de predios al Portafolio Inmobiliario del Estado","LIMA","LIMA","SAN JUAN DE LURIGANCHO","Privado","RDM - Residencial de Densidad Media","Urbano","Isla Rustica","Vivienda","Social "
"357","1577","2020","110642","95.12","13.75","Incorporación de predios al Portafolio Inmobiliario del Estado","LIMA","LIMA","SAN JUAN DE LURIGANCHO","Privado","RDM - Residencial de Densidad Media","Urbano","Isla Rustica","Vivienda","Social "
"358","1578","2020","103388","40973.64","1.1","Incorporación de predios al Portafolio Inmobiliario del Estado","MOQUEGUA","ILO","ILO","Privado","Sin Zonificación","Urbano","Urbano en Expansión Urbana","Vivienda","Huerto"
"359","1579","2020","103388","69739.09","1.88","Incorporación de predios al Portafolio Inmobiliario del Estado","MOQUEGUA","ILO","ILO","Privado","Zona de Protección Ambiental de Laderas – ZPAL","Urbano","Urbano en Expansión Urbana","Vivienda","Huerto"
"360","1580","2020","103388","73985.81","1.99","Incorporación de predios al Portafolio Inmobiliario del Estado","MOQUEGUA","ILO","ILO","Privado","Zona de Protección Ambiental de Laderas – ZPAL","Urbano","Urbano en Expansión Urbana","Vivienda","Huerto"
"361","1593","2020","103388","20018.85","0.54","Incorporación de predios al Portafolio Inmobiliario del Estado","MOQUEGUA","ILO","ILO","Privado","Otros Usos-OU","Urbano","Urbano en Expansión Urbana","Vivienda","Huerto"
"362","1594","2020","103388","25695.59","0.69","Incorporación de predios al Portafolio Inmobiliario del Estado","MOQUEGUA","ILO","ILO","Privado","Zona de Protección Ambiental Laderas-ZPAL","Urbano","Urbano en Expansión Urbana","Vivienda","Huerto"
"363","1595","2020","93563","3138.13","0.7","Incorporación de predios al Portafolio Inmobiliario del Estado","LIMA","LIMA","ANCON","Privado","Residencial de Densidad Media – RDM","Urbano","Urbano","Industria","Liviana"
"364","1596","2020","93563","1823.95","0.41","Incorporación de predios al Portafolio Inmobiliario del Estado","LIMA","LIMA","ANCON","Privado","Residencial de Densidad Media – RDM","Urbano","Urbano","Industria","Liviana"
"365","1597","2020","93563","3164.29","0.71","Incorporación de predios al Portafolio Inmobiliario del Estado","LIMA","LIMA","ANCON","","","","","Industria","Liviana"
"366","1626","2020","80134","169076.02","100","Incorporación de predios al Portafolio Inmobiliario del Estado","LIMA","LIMA","SANTA MARIA DEL MAR","Privado","Zonificación CZ – Comercio Zonal.","Urbano","Urbano","Comercio","Especializado"
"367","1627","2020","39787","56048.92","1.01","Incorporación de predios al Portafolio Inmobiliario del Estado","LIMA","LIMA","ANCON","Privado","Se encuentra sobre un Área de Tratamiento Territorial denominada Valle Huaral- Aucallama III-A (Desértico), Zonas Productivas.","Eriazo","Eriazo","Industria","Liviana"
"368","1628","2020","39787","63977.88","1.15","Incorporación de predios al Portafolio Inmobiliario del Estado","LIMA","LIMA","ANCON","Privado","Se encuentra sobre un Área de Tratamiento Territorial denominada Valle Huaral- Aucallama III-A (Desértico), Zonas Productivas.","Eriazo","Eriazo","Industria","Liviana"
"369","17","2021","39787","64717.19","1.17","Incorporación de predios al Portafolio Inmobiliario del Estado","LIMA","LIMA","ANCON","Privado","Sin zonificación","Eriazo","Eriazo Ribereño al Mar","Industria","Liviana"
"370","36","2021","39787","53870.3","0.97","Incorporación de predios al Portafolio Inmobiliario del Estado","LIMA","LIMA","ANCON","Privado","Sin Zonificación","Eriazo","Eriazo Ribereño al Mar","Industria","Liviana"
"371","37","2021","39787","84727.76","1.53","Incorporación de predios al Portafolio Inmobiliario del Estado","LIMA","LIMA","ANCON","Privado","Sin Zonificación","Eriazo","Eriazo Ribereño al Mar","Industria","Liviana"
"372","38","2021","39787","66167.28","1.19","Incorporación de predios al Portafolio Inmobiliario del Estado","LIMA","LIMA","ANCON","Privado","Sin Zonificación","Eriazo","Eriazo Ribereño al Mar","Industria","Liviana"
"373","42","2021","39787","112402.42","2.03","Incorporación de predios al Portafolio Inmobiliario del Estado","LIMA","LIMA","ANCON","Privado","Sin Zonificación","Eriazo","Eriazo Ribereño al Mar","Industria","Liviana"
"374","43","2021","93563","2643.39","0.59","Incorporación de predios al Portafolio Inmobiliario del Estado","LIMA","LIMA","ANCON","","Residencial de Densidad Media – RDM","Urbano","Urbano en Expansión Urbana","Industria","Liviana"
"375","44","2021","93563","2625.56","","Incorporación de predios al Portafolio Inmobiliario del Estado","LIMA","LIMA","ANCON","Privado","Residencial de Densidad Media – RDM","Urbano","Urbano en Expansión Urbana","Vivienda","Social "
"376","45","2021","93563","10288.31","2.3","Incorporación de predios al Portafolio Inmobiliario del Estado","LIMA","LIMA","ANCON","Privado","Residencial de Densidad Media – RDM","Urbano","Urbano en Expansión Urbana","Vivienda","Social "
"377","46","2021","93563","2533.01","0.57","Incorporación de predios al Portafolio Inmobiliario del Estado","LIMA","LIMA","ANCON","Privado","Residencial de Densidad Media – RDM","Urbano","Urbano en Expansión Urbana","Vivienda","Social "
"378","54","2021","93341","201290.02","13.48","Incorporación de predios al Portafolio Inmobiliario del Estado","LIMA","HUAURA","SANTA MARIA","Privado","Sin Zonificación","Rural","Rural","Agropecuario","Agroindustria Alimentaria"
"379","63","2021","110084","1314.55","100","Incorporación de predios al Portafolio Inmobiliario del Estado","LIMA","LIMA","SANTA ROSA","Privado","RESIDENCIAL DE DENSIDAD MEDIS _ RDM","Urbano","Urbano","Vivienda","Desarrollo Inmobiliario"
"380","65","2021","39787","79955.51","1.44","Incorporación de predios al Portafolio Inmobiliario del Estado","LIMA","LIMA","ANCON","Privado","Sin Zonificación","Eriazo","Eriazo Ribereño al Mar","Industria","Liviana"
"381","67","2021","93341","127567.91","8.55","Incorporación de predios al Portafolio Inmobiliario del Estado","LIMA","HUAURA","SANTA MARIA","Privado","Sin Zonificación","Rural","Rural","Agropecuario","Agricola"
"382","71","2021","93341","105204.23","7.05","Incorporación de predios al Portafolio Inmobiliario del Estado","LIMA","HUAURA","SANTA MARIA","Privado","Sin Zonificación","Rural","Rural","Agropecuario","Agricola"
"383","72","2021","93341","112732.69","7.55","Incorporación de predios al Portafolio Inmobiliario del Estado","LIMA","HUAURA","SANTA MARIA","Privado","Sin Zonificación","Rural","Rural","Agropecuario","Agricola"
"384","73","2021","93341","289040.35","19.36","Incorporación de predios al Portafolio Inmobiliario del Estado","LIMA","HUAURA","SANTA MARIA","Privado","Sin Zonificación","Rural","Rural","Agropecuario","Agroindustria Alimentaria"
"385","75","2021","50447","61333.96","6.87","Incorporación de predios al Portafolio Inmobiliario del Estado","LIMA","BARRANCA","SUPE","Privado","Sin Zonificación","Rural","Rural","Agropecuario","Agricola"
"386","78","2021","50447","51496.64","5.77","Incorporación de predios al Portafolio Inmobiliario del Estado","LIMA","BARRANCA","SUPE","Privado","Sin Zonificación","Rural","Rural","Agropecuario","Agricola"
"387","80","2021","50447","55818.57","6.25","Incorporación de predios al Portafolio Inmobiliario del Estado","LIMA","BARRANCA","SUPE","","Sin Zonificación","Eriazo","","Agropecuario","Agricola"
"388","83","2021","110088","9926.54","100","Incorporación de predios al Portafolio Inmobiliario del Estado","LIMA","LIMA","SANTA ROSA","","Residencial de Densidad Media – RDM","Urbano","Urbano","Vivienda","Social "
"389","84","2021","93341","189471.67","12.69","Incorporación de predios al Portafolio Inmobiliario del Estado","LIMA","HUAURA","SANTA MARIA","Privado","Sin Zonificación","Rural","Rural","Agropecuario","Agroindustria Alimentaria"
"390","85","2021","93341","252321.51","16.9","Incorporación de predios al Portafolio Inmobiliario del Estado","LIMA","HUAURA","SANTA MARIA","Privado","Sin Zonificación","Urbano","Urbano","Agropecuario","Agroindustria Alimentaria"
